,year_make_model,price,condition,cylinders,drive,fuel,odometer,paint color,size,title status,transmission,type,url,VIN,make,model,year,generation
235,2019 2019 Subaru Ascent awd,27499.0,excellent,4 cylinders,4wd,gas,71830,,,clean,automatic,wagon,https://denver.craigslist.org/ctd/d/denver-2019-subaru-ascentlow-mileshtd/7590700097.html,4S4WMARD9K3457462,SUBARU,Ascent,2019,1.0
360,2016 subaru wrx base awd,20999.0,excellent,4 cylinders,4wd,gas,93963,,,clean,manual,sedan,https://denver.craigslist.org/ctd/d/denver-2016-subaru-wrxnew-subaru-stock/7590676938.html,JF1VA1B64G9817140,SUBARU,WRX,2016,1.0
383,2004 Infiniti FX35 BASE,6399.0,excellent,6 cylinders,4wd,gas,203149,,,,automatic,SUV,https://denver.craigslist.org/ctd/d/golden-2004-infiniti-fx35-fx-35-fx-35/7590269964.html,JNRAS08W64X225639,INFINITI,FX35,2004,1.0
265,2017 INFINITI Q50,20988.0,,4 cylinders,4wd,gas,91626,,,clean,other,sedan,https://denver.craigslist.org/ctd/d/denver-2017-infiniti-q50-20t/7590642116.html,JN1CV7AR2HM681645,INFINITI,Q50,2017,1.0
184,2008 GMC Acadia SLE-1,6988.0,excellent,6 cylinders,,gas,136827,,,,automatic,SUV,https://denver.craigslist.org/ctd/d/denver-2008-gmc-acadia-sle-buy-here-pay/7590889639.html,1GKER13758J253173,GMC,Acadia,2008,1.0
396,2006 FORD FUSION,6995.0,,,,other,164046,white,,clean,,sedan,https://denver.craigslist.org/ctd/d/denver-2006-ford-fusion/7590275526.html,3FAFP06Z96R188379,FORD,Fusion,2006,1.0
111,2006 chrysler 300 limited,6995.0,excellent,6 cylinders,4wd,gas,116223,,,clean,automatic,sedan,https://denver.craigslist.org/ctd/d/englewood-2006-chrysler-300-limited-awd/7590859162.html,2C3LK53GX6H168136,CHRYSLER,300,2006,1.0
443,2008 CHEVROLET UPLANDER,8999.0,,,fwd,other,40880,white,,clean,automatic,van,https://denver.craigslist.org/ctd/d/denver-2008-chevrolet-chevy-uplander/7590294322.html,1GBDV13W68D108463,CHEVROLET,Uplander,2008,1.0
14,2018 Chrysler Pacifica Touring L Pow,53900.0,,6 cylinders,fwd,gas,40657,,,clean,automatic,van,https://denver.craigslist.org/ctd/d/phoenix-2018-chrysler-pacifica-touring/7590910468.html,2C4RC1BG3JR216978,CHRYSLER,Pacifica,2018,1.0
214,1990 Nissan 240SX SE,19999.0,,4 cylinders,rwd,gas,139685,,,clean,manual,coupe,https://denver.craigslist.org/ctd/d/longmont-1990-nissan-240sx-se-coupe/7590836842.html,JN1HS36P4LW124733,NISSAN,240SX,1990,1.0
303,2014 Chevrolet Cruze 1LT Auto,7995.0,,4 cylinders,fwd,gas,105820,white,,clean,automatic,sedan,https://denver.craigslist.org/ctd/d/denver-2014chevroletcruze1ltback-up/7590646848.html,1G1PC5SB0E7343013,CHEVROLET,Cruze,2014,1.0
313,2005 volkswagen touareg v8,5995.0,good,8 cylinders,4wd,gas,148223,,,clean,automatic,SUV,https://denver.craigslist.org/ctd/d/englewood-2005-volkswagen-touareg-v8/7590647398.html,WVGMM77L55D002546,VOLKSWAGEN,Touareg,2005,1.0
264,2012 Audi S5,15988.0,,8 cylinders,4wd,gas,119978,,,clean,other,coupe,https://denver.craigslist.org/ctd/d/denver-2012-audi-s5/7590641941.html,WAUVVAFR2CA005411,AUDI,S5,2012,1.0
213,2009 Ford Edge Limited,10988.0,excellent,6 cylinders,4wd,gas,119000,,,,automatic,SUV,https://denver.craigslist.org/ctd/d/denver-2009-ford-edge-limited-buy-here/7590836603.html,2FMDK49CX9BB01456,FORD,Edge,2009,1.0
159,2006 lexus gx 470,10900.0,fair,8 cylinders,4wd,gas,158350,white,full-size,clean,automatic,SUV,https://denver.craigslist.org/ctd/d/denver-2006-lexus-gx-470-awd/7590869378.html,JTJBT20X060097831,LEXUS,GX,2006,1.0
83,2019 Chrysler Pacifica Touring L Wheelchair Van,47995.0,,6 cylinders,fwd,gas,29904,black,,clean,automatic,mini-van,https://denver.craigslist.org/ctd/d/laguna-woods-2019-chrysler-pacifica/7590854680.html,2C4RC1BG4KR626304,CHRYSLER,Pacifica,2019,1.0
339,2018 Land Rover Range Rover Velar P380 R-Dynamic SE,46900.0,,6 cylinders,4wd,gas,26593,grey,,clean,automatic,SUV,https://denver.craigslist.org/ctd/d/gladstone-2018-land-rover-range-rover/7590664156.html,SALYL2RV4JA760196,LAND ROVER,Range Rover Velar,2018,1.0
145,2010 Volkswagen Routan SE Mobility Van,18995.0,,6 cylinders,fwd,gas,88915,grey,,clean,automatic,mini-van,https://denver.craigslist.org/ctd/d/laguna-woods-2010-volkswagen-routan-se/7590864101.html,2V4RW3D13AR202368,VOLKSWAGEN,Routan,2010,1.0
120,2015 Land Rover Discovery Sport,18988.0,,4 cylinders,4wd,gas,96263,red,,clean,automatic,SUV,https://denver.craigslist.org/ctd/d/denver-2015-land-rover-discovery-sport/7590861402.html,SALCR2BG5FH502191,LAND ROVER,Discovery Sport,2015,1.0
179,2012 CHEVROLET TRAVERSE,10494.0,,,,gas,153204,,,clean,automatic,other,https://denver.craigslist.org/ctd/d/pueblo-2012-chevrolet-chevy-traverse-lt/7590887921.html,1GNKVJED9CJ240164,CHEVROLET,Traverse,2012,1.0
448,2003 BMW X5,9999.0,,,,gas,97855,,,clean,automatic,SUV,https://denver.craigslist.org/ctd/d/denver-2003-bmw-x5-44i-awd-4dr-suv/7590294548.html,5UXFB33533LH47822,BMW,X5,2003,1.0
275,2004 ford f-350,9995.0,excellent,8 cylinders,4wd,diesel,182223,,,clean,automatic,pickup,https://denver.craigslist.org/ctd/d/englewood-2004-ford-350-xlt-4x4-182k/7590643761.html,1FTSW31P94EC96018,FORD,F-350,2004,1.0
115,2011 audi q5 3.2 quattro premium,9995.0,excellent,6 cylinders,4wd,gas,143223,,,clean,automatic,SUV,https://denver.craigslist.org/ctd/d/englewood-2011-audi-q5-32-quattro-awd/7590859715.html,WA1DKAFP9BA043944,AUDI,Q5,2011,1.0
288,2008 VOLKSWAGEN EOS,7995.0,,,,other,143181,,,clean,automatic,convertible,https://denver.craigslist.org/ctd/d/denver-2008-volkswagen-eos-komfort/7590645972.html,WVWBA71F38V042260,VOLKSWAGEN,Eos,2008,1.0
417,2003 FORD FOCUS,5995.0,,,,other,151268,silver,compact,clean,manual,sedan,https://denver.craigslist.org/ctd/d/denver-2003-ford-focus-lx/7590288553.html,1FAFP33P53W336637,FORD,Focus,2003,1.0
440,2006 BMW X3,8999.0,,,,gas,100460,,,clean,automatic,SUV,https://denver.craigslist.org/ctd/d/denver-2006-bmw-x3-30i-awd-4dr-suv/7590294162.html,WBXPA93486WD26025,BMW,X3,2006,1.0
171,2018 Alfa Romeo Giulia,24988.0,,4 cylinders,rwd,gas,58634,blue,,clean,automatic,sedan,https://denver.craigslist.org/ctd/d/denver-2018-alfa-romeo-giulia/7590886739.html,ZARFAEBN7J7567902,ALFA ROMEO,Giulia (952),2018,1.0
88,2018 Chrysler Pacifica LX Wheelchair Van,37995.0,,6 cylinders,fwd,gas,68577,grey,,clean,automatic,mini-van,https://denver.craigslist.org/ctd/d/laguna-woods-2018-chrysler-pacifica-lx/7590854824.html,2C4RC1CG2JR113212,CHRYSLER,Pacifica,2018,1.0
311,2000 toyota tundra 4wd truck,4995.0,good,8 cylinders,4wd,gas,361143,,,clean,automatic,pickup,https://denver.craigslist.org/ctd/d/englewood-2000-toyota-tundra-v8-4x4-ext/7590647278.html,5TBBT4418YS005362,TOYOTA,Tundra,2000,1.0
413,2017 Mercedes-Benz GLC,23988.0,,4 cylinders,4wd,gas,134885,,,clean,automatic,SUV,https://denver.craigslist.org/ctd/d/denver-2017-mercedes-benz-glc-300/7590285993.html,WDC0G4KB5HF225034,MERCEDES-BENZ,GLC-Class,2017,1.0
299,2006 Jeep Commander 4dr SUV,5995.0,,6 cylinders,4wd,gas,176426,red,,clean,automatic,SUV,https://denver.craigslist.org/ctd/d/denver-2006jeepcommander-3rd-row/7590646709.html,1J8HG48K56C354799,JEEP,Commander,2006,1.0
245,2013 subaru xv crosstrek 2.0i limited,14299.0,excellent,4 cylinders,4wd,gas,94553,,,clean,automatic,wagon,https://denver.craigslist.org/ctd/d/denver-2013-subaru-xv-crosstrek-20i/7590700316.html,JF2GPACC3D2896490,SUBARU,XV CrossTrek,2013,1.0
168,2001 toyota tundra,4500.0,,4 cylinders,rwd,gas,296895,,,clean,automatic,pickup,https://denver.craigslist.org/cto/d/arvada-2001-toyota-tundra/7590882097.html,5TBRT34181S200862,TOYOTA,Tundra,2001,1.0
441,2011 BMW X6,22999.0,,,,gas,65900,blue,,clean,automatic,SUV,https://denver.craigslist.org/ctd/d/denver-2011-bmw-x6-base-awd-4dr-suv/7590294210.html,5YMGZ0C58BLK14125,BMW,X6,2011,1.0
152,2013 subaru xv crosstrek 2.0i limited,14299.0,excellent,4 cylinders,4wd,gas,94553,,,clean,automatic,wagon,https://denver.craigslist.org/ctd/d/denver-2013-subaru-xv-crosstrek-just/7590864479.html,JF2GPACC3D2896490,SUBARU,XV CrossTrek,2013,1.0
206,2000 ford focus zx3,4950.0,good,4 cylinders,fwd,gas,67238,,,clean,automatic,,https://denver.craigslist.org/cto/d/denver-2000-ford-zx3-67k-miles-new/7590834353.html,3FAFP3135YR257110,FORD,Focus,2000,1.0
273,2014 buick verano,4995.0,good,4 cylinders,fwd,gas,116223,,,clean,automatic,sedan,https://denver.craigslist.org/ctd/d/englewood-2014-buick-verano-116k-miles/7590643483.html,1G4PP5SK6E4130642,BUICK,Verano,2014,1.0
12,2019 Subaru WRX,28988.0,,4 cylinders,4wd,gas,60612,,,clean,manual,sedan,https://denver.craigslist.org/ctd/d/denver-2019-subaru-wrx-premiumawd/7590910307.html,JF1VA1C64K9815864,SUBARU,WRX,2019,1.5
39,2015 chevy traverse ltz,15988.0,excellent,6 cylinders,,gas,131485,grey,,clean,automatic,SUV,https://denver.craigslist.org/ctd/d/denver-2015-chevrolet-traverse-ltz/7590928389.html,1GNKRJKD4FJ358135,CHEVROLET,Traverse,2015,1.5
320,2008 infiniti fx35,7995.0,excellent,6 cylinders,4wd,gas,136223,,,clean,automatic,SUV,https://denver.craigslist.org/ctd/d/englewood-2008-infiniti-fx35-awd-136k/7590652929.html,JNRAS08W18X205322,INFINITI,FX35,2008,1.5
430,2011 LAND ROVER LR2,10999.0,,,,gas,120050,blue,,clean,automatic,SUV,https://denver.craigslist.org/ctd/d/denver-2011-land-rover-lr2-base-awd-4dr/7590293728.html,SALFR2BNXBH264733,LAND ROVER,LR2,2011,1.5
424,2002 NISSAN XTERRA,7999.0,,,4wd,gas,136225,white,,clean,automatic,SUV,https://denver.craigslist.org/ctd/d/denver-2002-nissan-xterra-xe-v6-4wd-4dr/7590293471.html,5N1ED28Y92C520744,NISSAN,Xterra,2002,1.5
436,2009 VOLVO S60,7999.0,,,fwd,gas,103115,black,compact,clean,automatic,sedan,https://denver.craigslist.org/ctd/d/denver-2009-volvo-s60-25t-4dr-sedan/7590293984.html,YV1RS592892727739,VOLVO,S60,2009,1.5
349,2015 Mini Cooper Countryman,16988.0,,4 cylinders,4wd,gas,99878,,,clean,other,sedan,https://denver.craigslist.org/ctd/d/denver-2015-mini-cooper-countryman/7590670365.html,WMWZC5C51FWP45541,MINI,Countryman,2015,1.5
294,2012 Land Rover Range Rover Sport HSE Limited Edition,13995.0,,8 cylinders,4wd,gas,85293,black,,clean,automatic,SUV,https://denver.craigslist.org/ctd/d/denver-2012range-rover-sporthseland/7590646548.html,SALSF2D42CA757912,LAND ROVER,Range Rover Sport,2012,1.5
401,2020 GMC SAVANA G2500,89500.0,,,,gas,18655,,,clean,automatic,,https://denver.craigslist.org/ctd/d/irving-2020-gmc-savana-explorer/7590277915.html,1GTW7AFG5L1140916,GMC,Savana,2020,1.5
291,2015 Nissan JUKE SV,9995.0,,4 cylinders,fwd,gas,120074,white,,clean,automatic,wagon,https://denver.craigslist.org/ctd/d/denver-2015nissanjukesv/7590646448.html,JN8AF5MR1FT511298,NISSAN,Juke,2015,1.5
332,2018 Land Rover Range Rover Evoque,23988.0,,4 cylinders,4wd,gas,82480,,,clean,automatic,SUV,https://denver.craigslist.org/ctd/d/denver-2018-land-rover-range-rover/7590658522.html,SALVP2RX0JH295397,LAND ROVER,Range Rover Evoque,2018,1.5
414,2008 Volvo XC90,8988.0,,6 cylinders,4wd,gas,148475,,,clean,automatic,SUV,https://denver.craigslist.org/ctd/d/denver-2008-volvo-xc90-awdmoon-roof3rd/7590286164.html,YV4CZ982081428473,VOLVO,XC90,2008,1.5
228,2011 Chevrolet Express Cargo Van,17998.0,good,8 cylinders,rwd,gas,142874,white,mid-size,clean,automatic,van,https://denver.craigslist.org/ctd/d/denver-2011-chevrolet-express-cargo-van/7590841870.html,1GCZGTBA7B1181508,CHEVROLET,Express,2011,1.5
233,2001 Subaru Forester L awd,4999.0,excellent,4 cylinders,4wd,gas,180334,,,clean,manual,wagon,https://denver.craigslist.org/ctd/d/denver-2001-subaru-forester-lclean/7590700065.html,JF1SF63501G723153,SUBARU,Forester,2001,1.5
285,2022 CHRYSLER PACIFICA TOURING-L,69900.0,,,,gas,1514,,,clean,automatic,,https://denver.craigslist.org/ctd/d/irving-2022-chrysler-pacifica-touring/7590645625.html,2C4RC1BG3NR143276,CHRYSLER,Pacifica,2022,1.5
284,2008 infiniti fx35,9995.0,excellent,6 cylinders,4wd,gas,103223,,,clean,automatic,SUV,https://denver.craigslist.org/ctd/d/englewood-2008-infiniti-fx35-awd-103k/7590645588.html,JNRAS08W68X201038,INFINITI,FX35,2008,1.5
333,2018 Mercedes-Benz CLA,22988.0,,4 cylinders,fwd,gas,75780,,,clean,automatic,sedan,https://denver.craigslist.org/ctd/d/denver-2018-mercedes-benz-cla-250back/7590658743.html,WDDSJ4EB2JN525272,MERCEDES-BENZ,CLA-Class,2018,1.5
298,2012 volkswagen tiguan sel,11995.0,excellent,4 cylinders,4wd,gas,96223,,,clean,automatic,SUV,https://denver.craigslist.org/ctd/d/englewood-2012-volkswagen-tiguan-sel/7590646667.html,WVGBV7AX7CW589835,VOLKSWAGEN,Tiguan,2012,1.5
227,2020 Chevrolet Express Passenger,36998.0,good,8 cylinders,rwd,gas,59226,white,full-size,clean,automatic,van,https://denver.craigslist.org/ctd/d/denver-2020-chevrolet-express-passenger/7590841846.html,1GAZGPFG7L1210182,CHEVROLET,Express,2020,1.5
296,2006 Jeep Liberty Sport Sport 4dr SUV,6495.0,,6 cylinders,4wd,gas,137511,red,,clean,automatic,SUV,https://denver.craigslist.org/ctd/d/denver-2006jeeplibertyv64x437l/7590646616.html,1J4GL48K36W252473,JEEP,Liberty,2006,1.5
460,2016 Jeep Compass,14988.0,,4 cylinders,fwd,gas,73219,,,clean,automatic,SUV,https://denver.craigslist.org/ctd/d/denver-2016-jeep-compass-sportfuel/7590297858.html,1C4NJCBA7GD512447,JEEP,Compass,2016,1.5
221,2001 Subaru Forester L awd,4999.0,excellent,4 cylinders,4wd,gas,180334,,,clean,manual,wagon,https://denver.craigslist.org/ctd/d/denver-2001-subaru-forester-time-belt/7590839011.html,JF1SF63501G723153,SUBARU,Forester,2001,1.5
219,Chrysler Pacifica,79033.0,,6 cylinders,fwd,gas,59,black,,clean,automatic,van,https://denver.craigslist.org/ctd/d/denver-2022-chrysler-pacifica-touring/7590838108.html,2C4RC1BG1NR124483,CHRYSLER,Pacifica,2022,1.5
387,2015 Infiniti QX80,20999.0,excellent,8 cylinders,,gas,103522,,,clean,automatic,SUV,https://denver.craigslist.org/ctd/d/littleton-2015-infiniti-qx80-qx-80-qx-80/7590270914.html,JN8AZ2NF9F9570736,INFINITI,QX80,2015,1.5
293,2012 Mercedes-Benz GL 450 4MATIC,11995.0,,8 cylinders,4wd,gas,150000,silver,,clean,automatic,SUV,https://denver.craigslist.org/ctd/d/denver-2012mercedes-benzgl4504-matic3rd/7590646495.html,4JGBF7BE6CA774630,MERCEDES-BENZ,GL-Class,2012,1.75
174,2016 Honda Civic,8950.0,,4 cylinders,fwd,gas,86225,white,,salvage,automatic,sedan,https://denver.craigslist.org/ctd/d/miami-2016-honda-civic-call-now/7590887253.html,19XFC2F75GE067454,HONDA,Civic,2016,10.0
126,2017 Honda Civic,15988.0,,4 cylinders,fwd,gas,110094,,,clean,other,sedan,https://denver.craigslist.org/ctd/d/denver-2017-honda-civic-ex-tfuel-economy/7590861669.html,19XFC1E3XHE015473,HONDA,Civic,2017,10.0
287,2004 ford f150 4x4,8995.0,excellent,8 cylinders,4wd,gas,166223,,,clean,automatic,pickup,https://denver.craigslist.org/ctd/d/englewood-2004-ford-150-fx4-4x4-166k/7590645940.html,1FTPW14554FA12625,FORD,F-150,2004,11.0
204,2007 Ford F150 Regular Cab,4800.0,,8 cylinders,,gas,197000,white,,clean,automatic,pickup,https://denver.craigslist.org/ctd/d/denver-2007-ford-f150-regular-cab-2wd/7590834076.html,1FTRF12W97NA02453,FORD,F-150,2007,11.5
330,2012 Ford F150 SuperCrew Cab,21495.0,excellent,6 cylinders,4wd,gas,161587,,,clean,automatic,truck,https://denver.craigslist.org/ctd/d/denver-2012-ford-f150-150-150-supercrew/7590657748.html,1FTFW1ET9CFA85987,FORD,F-150,2012,12.0
42,2015 Ford F-150 XLT,17999.0,,6 cylinders,4wd,gas,184296,,,clean,automatic,truck,https://denver.craigslist.org/ctd/d/longmont-2015-ford-150-4x4-4wd-f150-xlt/7590930051.html,1FTEW1EP9FKD27512,FORD,F-150,2015,13.0
163,2017 Ford F-150 Platinum,33999.0,,6 cylinders,4wd,gas,107444,,,clean,automatic,truck,https://denver.craigslist.org/ctd/d/longmont-2017-ford-150-4x4-4wd-f150/7590878800.html,1FTEW1EG5HFA60056,FORD,F-150,2017,13.0
382,2018 Ford F150 Supercrew,34999.0,,,4wd,gas,77761,white,,clean,automatic,pickup,https://denver.craigslist.org/ctd/d/denver-2018-ford-150-f150-150-supercrew/7590269083.html,1FTEW1EG5JKF15145,FORD,F-150,2018,13.5
209,2013 Lincoln MKZ,16988.0,,6 cylinders,4wd,gas,96092,,,clean,automatic,sedan,https://denver.craigslist.org/ctd/d/denver-2013-lincoln-mkz/7590835121.html,3LN6L2JK2DR811636,LINCOLN,MKZ,2013,2.0
167,2018 CHEVY VOLT LT,14895.0,,,,gas,108000,,,clean,automatic,,https://denver.craigslist.org/ctd/d/lincoln-2018-chevy-volt-lt-miles/7590881995.html,1G1RA6S58JU138579,CHEVROLET,Volt,2018,2.0
226,2021 Chevrolet Colorado,33998.0,good,6 cylinders,4wd,gas,21894,white,full-size,clean,automatic,truck,https://denver.craigslist.org/ctd/d/denver-2021-chevrolet-colorado-4wd-crew/7590841811.html,1GCGTBEN3M1243811,CHEVROLET,Colorado,2021,2.0
438,1999 CHEVROLET ASTRO VAN,13999.0,,,4wd,gas,102200,white,,clean,automatic,mini-van,https://denver.craigslist.org/ctd/d/denver-1999-chevrolet-chevy-astro-ls/7590294050.html,1GNEL19W5XB123826,CHEVROLET,Astro Van,1999,2.0
262,2010 toyota highlander limited awd,10995.0,,6 cylinders,4wd,gas,194244,grey,,clean,automatic,,https://denver.craigslist.org/ctd/d/broomfield-2010-toyota-highlander/7590641435.html,5TDDK3EHXAS021626,TOYOTA,Highlander,2010,2.0
246,2018 Subaru Crosstrek,15950.0,excellent,,4wd,gas,34728,,,rebuilt,automatic,wagon,https://denver.craigslist.org/ctd/d/englewood-2018-subaru-crosstrek-20i/7590701707.html,JF2GTABC7JH314297,SUBARU,Crosstrek,2018,2.0
300,2009 Audi TT 2.0T quattro Premium Plus,11995.0,,4 cylinders,4wd,gas,137373,black,,clean,automatic,convertible,https://denver.craigslist.org/ctd/d/denver-2009audittquattropremium/7590646760.html,TRUGF38J691009293,AUDI,TT,2009,2.0
67,2014 Chevrolet Equinox,12999.0,excellent,,4wd,gas,119382,,,clean,automatic,SUV,https://denver.craigslist.org/ctd/d/englewood-2014-chevrolet-equinox-2lt/7590943463.html,2GNFLGEKXE6117384,CHEVROLET,Equinox,2014,2.0
416,2013 Chevrolet Equinox,14988.0,,4 cylinders,fwd,gas,123332,,,clean,automatic,SUV,https://denver.craigslist.org/ctd/d/denver-2013-chevrolet-equinox/7590286344.html,1GNALBEK4DZ107790,CHEVROLET,Equinox,2013,2.0
124,2012 Chrysler 300,11999.0,,6 cylinders,,other,128520,custom,,clean,automatic,sedan,https://denver.craigslist.org/ctd/d/aurora-2012-chrysler-limited-awd/7590861472.html,2C3CCAHG5CH217219,CHRYSLER,300,2012,2.0
423,2013 FIAT 500,13999.0,,,fwd,gas,59425,red,sub-compact,clean,manual,hatchback,https://denver.craigslist.org/ctd/d/denver-2013-fiat-500-abarth-2dr/7590293428.html,3C3CFFFH0DT553417,FIAT,500,2013,2.0
347,2004 Lexus RX330,8000.0,,6 cylinders,4wd,gas,128705,,,rebuilt,automatic,,https://denver.craigslist.org/ctd/d/aurora-2004-lexus-rx330-awd-128k-miles/7590669222.html,JTJHA31U940070621,LEXUS,RX,2004,2.0
280,2012 land rover lr4,13995.0,excellent,8 cylinders,4wd,gas,139223,,,clean,automatic,SUV,https://denver.craigslist.org/ctd/d/englewood-2012-land-rover-lr4-4x4-139k/7590644812.html,SALAG2D47CA631912,LAND ROVER,LR4,2012,2.0
231,2016 Chevrolet Colorado,21498.0,good,6 cylinders,4wd,gas,101733,white,full-size,clean,automatic,truck,https://denver.craigslist.org/ctd/d/denver-2016-chevrolet-colorado-4wd-ext/7590842021.html,1GCHTBE30G1343436,CHEVROLET,Colorado,2016,2.0
307,2008 Ford Escape Hybrid,4800.0,,4 cylinders,4wd,gas,189331,grey,,clean,automatic,SUV,https://denver.craigslist.org/ctd/d/denver-2008awdhybridfordescape/7590646950.html,1FMCU59H28KD05292,FORD,Escape,2008,2.0
202,2004 Lexus RX,5800.0,,6 cylinders,,gas,215700,silver,,clean,automatic,SUV,https://denver.craigslist.org/ctd/d/denver-2004-lexus-rx-2wd/7590834036.html,JTJGA31U140030867,LEXUS,RX,2004,2.0
453,2001 VOLVO V70,6999.0,,,,gas,105140,brown,,clean,automatic,wagon,https://denver.craigslist.org/ctd/d/denver-2001-volvo-v70-xc-awd-4dr-turbo/7590294815.html,YV1SZ58D011004798,VOLVO,V70,2001,2.0
402,2018 Chevrolet Colorado,27981.0,,4 cylinders,4wd,diesel,116598,,,clean,automatic,truck,https://denver.craigslist.org/ctd/d/aurora-2018-chevrolet-colorado-z71/7590278042.html,1GCPTDE16J1220625,CHEVROLET,Colorado,2018,2.0
444,2012 MAZDA MAZDA6,6999.0,,,,gas,139190,silver,,clean,automatic,sedan,https://denver.craigslist.org/ctd/d/denver-2012-mazda-mazda6-touring-4dr/7590294370.html,1YVHZ8DH5C5M13654,MAZDA,Mazda6,2012,2.0
274,2009 jeep liberty sport,7995.0,excellent,6 cylinders,4wd,gas,111223,,,clean,automatic,SUV,https://denver.craigslist.org/ctd/d/englewood-2009-jeep-liberty-sport-4x4/7590643620.html,1J8GN28K09W536046,JEEP,Liberty,2009,2.0
428,2005 VOLVO S40,6999.0,,,,gas,140010,silver,compact,clean,manual,sedan,https://denver.craigslist.org/ctd/d/denver-2005-volvo-s40-t5-awd-4dr-turbo/7590293657.html,YV1MH682452094196,VOLVO,S40,2005,2.0
297,2011 Jeep Liberty Sport,7995.0,,6 cylinders,4wd,gas,103032,silver,,clean,automatic,SUV,https://denver.craigslist.org/ctd/d/denver-2011jeeplibertysport4x4w-auto/7590646652.html,1J4PN2GKXBW507274,JEEP,Liberty,2011,2.0
180,2012 MERCEDES BENZ SPRINTER 2500,19500.0,,,,diesel,107000,,,clean,automatic,,https://denver.craigslist.org/ctd/d/lincoln-2012-mercedes-benz-sprinter/7590888070.html,WD3PE7CC8C5703992,MERCEDES-BENZ,Sprinter,2012,2.0
247,2018 Subaru Crosstrek,19250.0,excellent,,4wd,gas,35099,orange,,clean,automatic,wagon,https://denver.craigslist.org/ctd/d/englewood-2018-subaru-crosstrek-20i/7590701742.html,JF2GTACCXJH279124,SUBARU,Crosstrek,2018,2.0
449,2008 SMART FORTWO,7500.0,,,,gas,65180,yellow,,clean,automatic,coupe,https://denver.craigslist.org/ctd/d/denver-2008-smart-fortwo-pure-2dr/7590294586.html,WMEEJ31X48K197899,SMART,Fortwo,2008,2.0
150,2013 Mercedes-Benz GL-Class GL 450,412.0,excellent,8 cylinders,4wd,gas,86895,,,,automatic,SUV,https://denver.craigslist.org/ctd/d/denver-2013-mercedes-benz-glclass-gl/7590864403.html,4JGDF7CE2DA098993,MERCEDES-BENZ,GL-Class,2013,2.0
292,2012 chevrolet sonic ltz,6995.0,like new,4 cylinders,fwd,gas,68223,,,clean,automatic,hatchback,https://denver.craigslist.org/ctd/d/englewood-2012-chevrolet-sonic-ltz-68k/7590646434.html,1G1JE6SB7C4191686,CHEVROLET,Sonic,2012,2.0
306,2008 Chrysler Aspen Limited,6995.0,,8 cylinders,4wd,other,142272,silver,,clean,automatic,SUV,https://denver.craigslist.org/ctd/d/denver-2008-chrysler-aspen-limited/7590646915.html,1A8HW58N78F134293,CHRYSLER,Aspen,2008,2.0
370,2001 DODGE DAKOTA,6395.0,,,fwd,other,98100,silver,,clean,,pickup,https://denver.craigslist.org/ctd/d/denver-2001-dodge-dakota-2wd/7590259632.html,1B7FL26P11S114080,DODGE,Dakota,2001,2.0
51,2010 honda pilot,8980.0,excellent,6 cylinders,fwd,gas,169700,,full-size,clean,automatic,SUV,https://denver.craigslist.org/cto/d/denver-2010-honda-pilot-touring/7590937381.html,5FNYF3H9XAB009491,HONDA,Pilot,2010,2.0
267,2008 toyota highlander,8995.0,excellent,6 cylinders,4wd,gas,192223,,,clean,automatic,SUV,https://denver.craigslist.org/ctd/d/englewood-2010-toyota-highlander-awd/7590642405.html,5TDBK3EH0AS019861,TOYOTA,Highlander,2010,2.0
121,2010 Lexus GX,20999.0,,8 cylinders,4wd,gas,151778,white,,clean,automatic,SUV,https://denver.craigslist.org/ctd/d/aurora-2010-lexus-gx-awd-rear/7590861437.html,JTJBM7FX1A5003453,LEXUS,GX,2010,2.0
34,2019 MINI COUNTRYMAN,29950.0,,,,gas,26760,black,,clean,automatic,other,https://denver.craigslist.org/ctd/d/englewood-2019-mini-countryman-cooper/7590927420.html,WMZYT5C58K3G92611,MINI,Countryman,2019,2.0
248,2019 Subaru Crosstrek,17950.0,excellent,,4wd,gas,23684,orange,,rebuilt,automatic,wagon,https://denver.craigslist.org/ctd/d/englewood-2019-subaru-crosstrek-20i/7590701764.html,JF2GTANC0KH386102,SUBARU,Crosstrek,2019,2.0
230,2017 Chevrolet Colorado,18998.0,good,4 cylinders,4wd,gas,72551,white,full-size,clean,automatic,truck,https://denver.craigslist.org/ctd/d/denver-2017-chevrolet-colorado-2wd-ext/7590841964.html,1GCHSBEA6H1266154,CHEVROLET,Colorado,2017,2.0
178,2017 HONDA HR-V,21980.0,,,,gas,84936,,,clean,automatic,other,https://denver.craigslist.org/ctd/d/englewood-2017-honda-hr-ex-hr-utility/7590887856.html,3CZRU5H53HM702017,HONDA,HR-V,2017,2.0
368,2019 Nissan Frontier King Cab,21900.0,,6 cylinders,4wd,gas,24315,white,,rebuilt,automatic,pickup,https://denver.craigslist.org/ctd/d/denver-2019-nissan-frontier-king-cab/7590695430.html,1N6AD0CW4KN880454,NISSAN,Frontier,2019,2.5
312,2012 Honda Pilot EX-L,14995.0,,6 cylinders,4wd,gas,112369,green,,clean,automatic,SUV,https://denver.craigslist.org/ctd/d/denver-2012hondapilot-ex-l3rd-row/7590647305.html,5FNYF4H55CB020209,HONDA,Pilot,2012,2.5
337,2016 Land Rover LR4 HSE,37900.0,,6 cylinders,4wd,gas,51590,white,,clean,automatic,SUV,https://denver.craigslist.org/ctd/d/gladstone-2016-land-rover-lr4-hse-4x4/7590664123.html,SALAG2V69GA835567,LAND ROVER,LR4,2016,2.5
119,2014 Volvo S60,11988.0,,5 cylinders,fwd,gas,95472,grey,,clean,automatic,sedan,https://denver.craigslist.org/ctd/d/denver-2014-volvo-s60-t5/7590861271.html,YV1612FS8E1293833,VOLVO,S60,2014,2.5
148,2000 Chevrolet Blazer LSLS,3488.0,excellent,6 cylinders,4wd,gas,192197,,,,automatic,SUV,https://denver.craigslist.org/ctd/d/denver-2000-chevrolet-blazer-lsls-buy/7590864332.html,1GNDT13W1Y2237098,CHEVROLET,Blazer,2000,2.5
10,2012 Hyundai Santa Fe,10999.0,,4 cylinders,fwd,gas,132369,black,,clean,automatic,SUV,https://denver.craigslist.org/ctd/d/denver-2012-hyundai-santa-fe-gls-sport/7590910102.html,5XYZG3AB3CG127747,HYUNDAI,Santa Fe,2012,2.5
65,2012 Nissan Xterra,11999.0,excellent,,4wd,gas,165044,black,,clean,automatic,SUV,https://denver.craigslist.org/ctd/d/englewood-2012-nissan-xterra-pro-4x-4wd/7590943262.html,5N1AN0NW4CC510546,NISSAN,Xterra,2012,2.5
286,2015 nissan versa,7995.0,,4 cylinders,fwd,gas,90384,silver,,clean,manual,,https://denver.craigslist.org/ctd/d/broomfield-2015-nissan-versa/7590645860.html,3N1CN7AP6FL944807,NISSAN,Versa,2015,2.5
389,2017 Kia Forte5,10988.0,,4 cylinders,fwd,gas,112030,black,,clean,automatic,sedan,https://denver.craigslist.org/ctd/d/denver-2017-kia-forte5-lxbluetooth/7590271043.html,KNAFK5A88H5670946,KIA,Forte,2017,2.5
341,2016 Land Rover LR4 HSE,29900.0,,6 cylinders,4wd,gas,75129,silver,,clean,automatic,SUV,https://denver.craigslist.org/ctd/d/gladstone-2016-land-rover-lr4-hse-awd/7590664185.html,SALAG2V63GA791971,LAND ROVER,LR4,2016,2.5
249,2021 Subaru Crosstrek,18750.0,excellent,,4wd,gas,37755,blue,,rebuilt,automatic,wagon,https://denver.craigslist.org/ctd/d/englewood-2021-subaru-crosstrek-premium/7590701803.html,JF2GTAPC2M8347897,SUBARU,Crosstrek,2021,2.5
203,2010 lexus rx 350 awd 4dr,12999.0,excellent,6 cylinders,4wd,gas,156680,,,clean,automatic,SUV,https://denver.craigslist.org/ctd/d/denver-2010-lexus-rx-350-awd2400-new/7590834026.html,2T2HK31U48C069657,LEXUS,RX,2008,2.5
451,2013 HONDA FIT,9999.0,,,fwd,gas,122195,blue,,clean,automatic,hatchback,https://denver.craigslist.org/ctd/d/denver-2013-honda-fit-base-4dr/7590294704.html,JHMGE8H39DC068748,HONDA,Fit,2013,2.5
338,2014 Land Rover LR4 HSE,29900.0,,6 cylinders,4wd,gas,76528,white,,clean,automatic,SUV,https://denver.craigslist.org/ctd/d/gladstone-2014-land-rover-lr4-hse-only/7590664142.html,SALAG2V67EA728353,LAND ROVER,LR4,2014,2.5
165,2012 HONDA FIT SPORT,11895.0,,,,gas,52000,,,clean,automatic,,https://denver.craigslist.org/ctd/d/lincoln-2012-honda-fit-sport-miles/7590879313.html,JHMGE8H35CC033705,HONDA,Fit,2012,2.5
433,2010 VOLVO S80,10999.0,,,,gas,127690,brown,,clean,automatic,sedan,https://denver.craigslist.org/ctd/d/denver-2010-volvo-s80-t6-awd-4dr-sedan/7590293869.html,YV1992AH1A1119162,VOLVO,S80,2010,2.5
71,2017 Toyota Tundra,30999.0,excellent,,4wd,gas,99949,grey,,clean,automatic,pickup,https://denver.craigslist.org/ctd/d/englewood-2017-toyota-tundra-sr5-57l-v8/7590943764.html,5TFDW5F15HX616681,TOYOTA,Tundra,2017,2.75
141,2011 Toyota Sienna XLE Wheelchair Van,29995.0,,6 cylinders,fwd,gas,94995,black,,clean,automatic,mini-van,https://denver.craigslist.org/ctd/d/laguna-woods-2011-toyota-sienna-xle/7590862370.html,5TDYK3DC0BS116656,TOYOTA,Sienna,2011,3.0
390,2018 Toyota Tacoma Double Cab,14950.0,,6 cylinders,4wd,gas,72458,white,,salvage,automatic,pickup,https://denver.craigslist.org/ctd/d/miami-2018-toyota-tacoma-double-cab/7590271786.html,3TMDZ5BN0JM046987,TOYOTA,Tacoma,2018,3.0
316,2019 Chevrolet Blazer,35981.0,,6 cylinders,4wd,gas,13797,,,clean,automatic,SUV,https://denver.craigslist.org/ctd/d/aurora-2019-chevrolet-blazer-3lt/7590650452.html,3GNKBHRS3KS599775,CHEVROLET,Blazer,2019,3.0
340,2018 Land Rover Discovery HSE Luxury,34800.0,,6 cylinders,4wd,gas,79276,black,,clean,automatic,SUV,https://denver.craigslist.org/ctd/d/gladstone-2018-land-rover-discovery-hse/7590664173.html,SALRT2RV6JA074472,LAND ROVER,Discovery,2018,3.0
143,2011 Toyota Sienna XLE Wheelchair Van,29995.0,,6 cylinders,fwd,gas,94995,black,,clean,automatic,mini-van,https://denver.craigslist.org/ctd/d/laguna-woods-2011-toyota-sienna-xle/7590864057.html,5TDYK3DC0BS116656,TOYOTA,Sienna,2011,3.0
457,2014 HYUNDAI SANTA FE,15900.0,excellent,6 cylinders,4wd,gas,109351,,,clean,automatic,SUV,https://denver.craigslist.org/ctd/d/denver-2014-hyundai-santa-fe-gls-free/7590297601.html,KM8SRDHF2EU052983,HYUNDAI,Santa Fe,2014,3.0
229,2013 Ford Super Duty F-350 SRW,20398.0,good,8 cylinders,rwd,gas,114831,white,full-size,clean,automatic,truck,https://denver.craigslist.org/ctd/d/denver-2013-ford-super-duty-350-srw-2wd/7590841903.html,1FT8X3A66DEA87009,FORD,F-350,2013,3.0
323,2018 toyota tacoma trd sport,29900.0,like new,6 cylinders,4wd,gas,98000,,,clean,automatic,,https://denver.craigslist.org/cto/d/denver-2018-toyota-tacoma-trd-4x4/7590653718.html,5TFCZ5AN0JX151794,TOYOTA,Tacoma,2018,3.0
132,2013 Toyota Sienna LE Wheelchair Van,29995.0,,6 cylinders,fwd,gas,88402,white,,clean,automatic,mini-van,https://denver.craigslist.org/ctd/d/laguna-woods-2013-toyota-sienna-le/7590862112.html,5TDKK3DC8DS309713,TOYOTA,Sienna,2013,3.0
144,2011 Toyota Sienna Limited Wheelchair Van,26995.0,,6 cylinders,fwd,gas,108060,white,,clean,automatic,mini-van,https://denver.craigslist.org/ctd/d/laguna-woods-2011-toyota-sienna-limited/7590864077.html,5TDYK3DC4BS097738,TOYOTA,Sienna,2011,3.0
426,2013 FORD FOCUS,14999.0,,,,gas,83805,black,compact,clean,manual,hatchback,https://denver.craigslist.org/ctd/d/denver-2013-ford-focus-st-4dr-hatchback/7590293564.html,1FADP3L98DL364797,FORD,Focus,2013,3.0
408,2022 MERCEDES-BENZ SPRINTER,,,,4wd,diesel,1,,,clean,automatic,van,https://denver.craigslist.org/ctd/d/boise-2022-mercedes-benz-sprinter-2500/7590280502.html,W1W4ECVY8NT082329,MERCEDES-BENZ,Sprinter,2022,3.0
295,2013 ford escape se,8995.0,excellent,4 cylinders,4wd,gas,113223,,,clean,automatic,SUV,https://denver.craigslist.org/ctd/d/englewood-2013-ford-escape-awd-113k/7590646562.html,1FMCU9GX2DUA86236,FORD,Escape,2013,3.0
161,2014 Ford F350 Super Duty Stakebed,51999.0,,,4wd,diesel,127355,white,,clean,automatic,pickup,https://denver.craigslist.org/ctd/d/denver-2014-ford-350-f350-350-super/7590875309.html,1FDRF3HT1EEA80517,FORD,F-350,2014,3.0
100,2008 honda crv ex-l awd,10999.0,excellent,4 cylinders,4wd,gas,98824,,,clean,automatic,SUV,https://denver.craigslist.org/ctd/d/denver-2008-honda-cr-ex-lbelow-carfax/7590856626.html,JHLRE48718C024659,HONDA,CR-V,2008,3.0
240,2008 honda crv ex-l awd,10999.0,excellent,4 cylinders,4wd,gas,98824,,,clean,automatic,SUV,https://denver.craigslist.org/ctd/d/denver-2008-honda-cr-ex-lnew-head/7590700216.html,JHLRE48718C024659,HONDA,CR-V,2008,3.0
425,2011 SUBARU IMPREZA,10999.0,,,4wd,gas,52655,white,compact,clean,automatic,sedan,https://denver.craigslist.org/ctd/d/denver-2011-subaru-impreza-25i-awd-4dr/7590293515.html,JF1GE6A60BH518996,SUBARU,Impreza,2011,3.0
241,2009 honda crv ex-l awd,11299.0,excellent,4 cylinders,4wd,gas,120982,,,clean,automatic,SUV,https://denver.craigslist.org/ctd/d/denver-2009-honda-cr-ex-lnew-head-gskt/7590700226.html,5J6RE48709L066734,HONDA,CR-V,2009,3.0
108,2009 honda crv ex-l awd,11299.0,excellent,4 cylinders,4wd,gas,120982,,,clean,automatic,SUV,https://denver.craigslist.org/ctd/d/denver-2009-honda-cr-ex-awd-4x4-just/7590858278.html,5J6RE48709L066734,HONDA,CR-V,2009,3.0
45,2013 Ford Focus SE,7988.0,excellent,4 cylinders,,gas,100530,,,,automatic,hatchback,https://denver.craigslist.org/ctd/d/denver-2013-ford-focus-se-buy-here-pay/7590932738.html,1FADP3K27DL296769,FORD,Focus,2013,3.0
446,2006 TOYOTA RAV4,9999.0,,,fwd,gas,109680,blue,,clean,automatic,SUV,https://denver.craigslist.org/ctd/d/denver-2006-toyota-rav4-sport-4dr-suv/7590294457.html,JTMZD32VX65021388,TOYOTA,RAV4,2006,3.0
352,2013 Kia Rio LX,8000.0,good,4 cylinders,fwd,gas,71553,silver,,clean,automatic,sedan,https://denver.craigslist.org/ctd/d/denver-2013-kia-rio-lx-no-dealer/7590671807.html,KNADM4A39D6256949,KIA,Rio,2013,3.0
290,2005 dodge dakota slt,7995.0,good,8 cylinders,4wd,gas,150223,,,clean,automatic,pickup,https://denver.craigslist.org/ctd/d/englewood-2005-dodge-dakota-slt-v8-4x4/7590646222.html,1D7HW48N25S164599,DODGE,Dakota,2005,3.0
116,2010 subaru impreza 2.5i awd,6299.0,excellent,4 cylinders,4wd,gas,139951,,,clean,automatic,sedan,https://denver.craigslist.org/ctd/d/denver-2010-subaru-impreza-clean-carfax/7590860762.html,JF1GE6A61AH512056,SUBARU,Impreza,2010,3.0
243,2010 subaru impreza 2.5i awd,6299.0,excellent,4 cylinders,4wd,gas,139951,,,clean,automatic,sedan,https://denver.craigslist.org/ctd/d/denver-2010-subaru-impreza-25i-new-time/7590700260.html,JF1GE6A61AH512056,SUBARU,Impreza,2010,3.0
419,2018 AUDI RS3,56500.0,,,,gas,32481,red,sub-compact,clean,automatic,sedan,https://denver.craigslist.org/ctd/d/boise-2018-audi-rs-sedan-4d/7590289830.html,WUABWGFF0J1904361,AUDI,RS3,2018,3.0
308,2004 Ford Explorer Eddie Bauer,5995.0,,8 cylinders,4wd,gas,132628,red,,clean,automatic,SUV,https://denver.craigslist.org/ctd/d/denver-2004fordexplorereddie/7590646975.html,1FMZU74W84ZA27074,FORD,Explorer,2004,3.0
48,2010 Dodge Challenger,12988.0,,8 cylinders,rwd,gas,186031,,,clean,automatic,coupe,https://denver.craigslist.org/ctd/d/denver-2010-dodge-challenger-t/7590933491.html,2B3CJ5DT5AH246147,DODGE,Challenger,2010,3.0
456,2015 MINI Cooper,13995.0,excellent,3 cylinders,rwd,gas,92028,black,,clean,other,hatchback,https://denver.craigslist.org/ctd/d/englewood-2015-mini-cooper/7590296777.html,WMWXU3C56F2B61770,MINI,Hardtop,2015,3.0
350,2020 Toyota Tacoma Double Cab TRD,40990.0,excellent,6 cylinders,4wd,gas,49896,,,,automatic,other,https://denver.craigslist.org/ctd/d/denver-2020-toyota-tacoma-double-cab/7590670595.html,5TFCZ5AN9LX226334,TOYOTA,Tacoma,2020,3.0
458,2018 TOYOTA TACOMA,36500.0,excellent,6 cylinders,4wd,gas,41043,orange,,clean,manual,pickup,https://denver.craigslist.org/ctd/d/denver-2018-toyota-tacoma-double-cab/7590297693.html,5TFCZ5AN5JX152164,TOYOTA,Tacoma,2018,3.0
406,2013 ford escape se,8995.0,excellent,4 cylinders,4wd,gas,113223,,,clean,automatic,SUV,https://denver.craigslist.org/ctd/d/englewood-2013-ford-escape-awd-113k/7590279754.html,1FMCU9GX2DUA86236,FORD,Escape,2013,3.0
455,2022 MERCEDES-BENZ SPRINTER,84998.0,,,4wd,diesel,12,,,clean,automatic,van,https://denver.craigslist.org/ctd/d/boise-2022-mercedes-benz-sprinter-2500/7590296665.html,W1Y4EBVYXNT096248,MERCEDES-BENZ,Sprinter,2022,3.0
269,2006 subaru outback 2.5i,3995.0,excellent,4 cylinders,4wd,gas,213223,,,clean,automatic,wagon,https://denver.craigslist.org/ctd/d/englewood-2006-subaru-outback-25i-awd/7590642593.html,4S4BP61C067356783,SUBARU,Outback,2006,3.0
468,2022 MERCEDES-BENZ SPRINTER,119998.0,,,4wd,diesel,48,,,clean,automatic,van,https://denver.craigslist.org/ctd/d/boise-2022-mercedes-benz-sprinter-2500/7590303279.html,W1W4ECVY5NT082434,MERCEDES-BENZ,Sprinter,2022,3.0
435,2011 MERCEDES-BENZ C-CLASS,11999.0,,,,gas,107785,,compact,clean,automatic,sedan,https://denver.craigslist.org/ctd/d/denver-2011-mercedes-benz-class-300/7590293944.html,WDDGF8BB6BR141699,MERCEDES-BENZ,C-Class,2011,3.0
309,2012 mercedes benz c300,8995.0,excellent,6 cylinders,4wd,gas,137223,,,clean,automatic,sedan,https://denver.craigslist.org/ctd/d/englewood-2012-mercedes-c300-matic-awd/7590646974.html,WDDGF8BB1CR208789,MERCEDES-BENZ,C-Class,2012,3.5
89,2017 Toyota Sienna Wheelchair Van,43995.0,,6 cylinders,fwd,gas,37693,black,,clean,automatic,mini-van,https://denver.craigslist.org/ctd/d/laguna-woods-2017-toyota-sienna/7590854856.html,5TDZZ3DC2HS838834,TOYOTA,Sienna,2017,3.5
270,2010 Toyota RAV4 Limited V6 AWD -,18990.0,excellent,6 cylinders,4wd,gas,85890,,,,automatic,other,https://denver.craigslist.org/ctd/d/denver-2010-toyota-rav4-limited-v6-awd/7590642874.html,2T3DK4DV3AW035878,TOYOTA,RAV4,2010,3.5
432,2008 MERCEDES-BENZ E-CLASS,7999.0,,,,gas,141720,green,,clean,automatic,sedan,https://denver.craigslist.org/ctd/d/denver-2008-mercedes-benz-class-350/7590293826.html,WDBUF87X08B272998,MERCEDES-BENZ,E-Class,2008,3.5
13,2022 Chevrolet Equinox,27988.0,,4 cylinders,4wd,gas,7949,white,,clean,automatic,SUV,https://denver.craigslist.org/ctd/d/denver-2022-chevrolet-equinox-awdone/7590910405.html,2GNAX5EV1N6145829,CHEVROLET,Equinox,2022,3.5
94,2016 Toyota Sienna LE Wheelchair Van,39995.0,,6 cylinders,fwd,gas,61909,blue,,clean,automatic,mini-van,https://denver.craigslist.org/ctd/d/laguna-woods-2016-toyota-sienna-le/7590855894.html,5TDKK3DC8GS713468,TOYOTA,Sienna,2016,3.5
244,2011 subaru forester 2.5x premium awd,7899.0,excellent,4 cylinders,4wd,gas,181176,,,clean,automatic,wagon,https://denver.craigslist.org/ctd/d/denver-2011-subaru-forester-25x/7590700279.html,JF2SHBDC1BH781702,SUBARU,Forester,2011,3.5
142,2011 subaru forester 2.5x premium awd,7899.0,excellent,4 cylinders,4wd,gas,181176,,,clean,automatic,wagon,https://denver.craigslist.org/ctd/d/denver-2011-subaru-forester-clean-title/7590862681.html,JF2SHBDC1BH781702,SUBARU,Forester,2011,3.5
242,2004 Subaru Outback H6-3.0 AWD,6499.0,excellent,6 cylinders,4wd,gas,164785,,,clean,automatic,wagon,https://denver.craigslist.org/ctd/d/denver-2004-subaru-outback-th/7590700240.html,4S3BH815447636136,SUBARU,Legacy,2004,3.5
112,2004 Subaru Outback H6-3.0 AWD,6499.0,excellent,6 cylinders,4wd,gas,164785,,,clean,automatic,wagon,https://denver.craigslist.org/ctd/d/denver-2004-subaru-outback-cyl220hp-2k/7590859155.html,4S3BH815447636136,SUBARU,Legacy,2004,3.5
69,2018 Hyundai Santa Fe,25999.0,excellent,,4wd,gas,54017,blue,,clean,automatic,SUV,https://denver.craigslist.org/ctd/d/englewood-2018-hyundai-santa-fe/7590943670.html,KM8SRDHF4JU273530,HYUNDAI,Santa Fe,2018,3.5
459,2019 TOYOTA HIGHLANDER,25500.0,excellent,6 cylinders,4wd,gas,114759,white,,clean,automatic,SUV,https://denver.craigslist.org/ctd/d/denver-2019-toyota-highlander-le-free/7590297761.html,5TDBZRFHXKS701970,TOYOTA,Highlander,2019,3.5
236,2004 2004 Subaru Outback Base awd gas,5499.0,excellent,4 cylinders,4wd,gas,156627,,,clean,automatic,wagon,https://denver.craigslist.org/ctd/d/denver-2004-subaru-outback-basenew/7590700111.html,4S3BH675047630670,SUBARU,Legacy,2004,3.5
118,2008 Honda Odyssey EX-L,7999.0,excellent,6 cylinders,,gas,145261,,,,automatic,van,https://denver.craigslist.org/ctd/d/golden-2008-honda-odyssey-exl-ex-ex/7590861243.html,5FNRL38608B401537,HONDA,Odyssey,2008,3.5
429,2017 FORD ESCAPE,16999.0,,,4wd,gas,44900,white,,clean,automatic,SUV,https://denver.craigslist.org/ctd/d/denver-2017-ford-escape-se-awd-4dr-suv/7590293694.html,1FMCU9GD4HUC10793,FORD,Escape,2017,3.5
376,2019 RAM ProMaster Cargo Van,35998.0,good,6 cylinders,fwd,gas,65628,white,mid-size,clean,automatic,van,https://denver.craigslist.org/ctd/d/denver-2019-ram-promaster-cargo-van/7590261524.html,3C6TRVDG4KE557485,RAM,Promaster 2500,2019,3.5
223,2019 RAM ProMaster Cargo Van,38998.0,good,6 cylinders,rwd,gas,34933,white,mid-size,clean,automatic,van,https://denver.craigslist.org/ctd/d/denver-2019-ram-promaster-cargo-van/7590841730.html,3C6TRVBG6KE556731,RAM,Promaster 1500,2019,3.5
388,2017 Hyundai Santa Fe Sport,14988.0,,4 cylinders,4wd,gas,139497,silver,,clean,other,SUV,https://denver.craigslist.org/ctd/d/denver-2017-hyundai-santa-fe-sport/7590270959.html,5XYZTDLBXHG439313,HYUNDAI,Santa Fe,2017,3.5
146,2010 Honda Odyssey Touring Wheelchair Van,29995.0,,6 cylinders,fwd,gas,60512,black,,clean,automatic,mini-van,https://denver.craigslist.org/ctd/d/laguna-woods-2010-honda-odyssey-touring/7590864133.html,5FNRL3H97AB077759,HONDA,Odyssey,2010,3.5
98,2003 Ford Ranger Edge Plus,12999.0,,6 cylinders,4wd,gas,151248,,,clean,automatic,truck,https://denver.craigslist.org/ctd/d/longmont-2003-ford-ranger-4x4-4wd-edge/7590856440.html,1FTZR45E13PA82857,FORD,Ranger,2003,3.5
210,2011 Honda CR-V EX-L awd,11999.0,excellent,4 cylinders,4wd,gas,161967,,,clean,automatic,SUV,https://denver.craigslist.org/ctd/d/denver-2011-honda-cr-ex-lawd-6k-new/7590835511.html,5J6RE4H52BL102069,HONDA,CR-V,2011,3.5
238,2012 toyota rav4 awd,13999.0,excellent,4 cylinders,4wd,gas,101189,,,clean,automatic,SUV,https://denver.craigslist.org/ctd/d/denver-2012-toyota-rav4-baseclean/7590700143.html,2T3BF4DV2CW187732,TOYOTA,RAV4,2012,3.5
123,2022 dodge challenger,35988.0,,,,other,12003,,,clean,automatic,,https://denver.craigslist.org/ctd/d/colorado-springs-2022-dodge-challenger/7590861432.html,2C3CDZJG8NH132402,DODGE,Challenger,2022,3.5
153,Toyota Sienna,68900.0,,6 cylinders,fwd,gas,29577,silver,,clean,automatic,van,https://denver.craigslist.org/ctd/d/denver-2020-toyota-sienna-xle-premium/7590864599.html,5TDYZ3DC8LS047440,TOYOTA,Sienna,2020,3.75
16,2012 Jeep Grand Cherokee Laredo,12799.0,excellent,6 cylinders,4wd,gas,115782,,,,automatic,SUV,https://denver.craigslist.org/ctd/d/golden-2012-jeep-grand-cherokee-laredo/7590910861.html,1C4RJFAG3CC148620,JEEP,Grand Cherokee,2012,4.0
375,2015 Ford Transit Cargo Van,23998.0,good,6 cylinders,rwd,gas,135081,white,mid-size,clean,automatic,van,https://denver.craigslist.org/ctd/d/denver-2015-ford-transit-cargo-van-med/7590261525.html,1FTNR2CM2FKA73728,FORD,Transit,2015,4.0
239,2012 honda crv ex-l awd,11999.0,excellent,6 cylinders,4wd,gas,169471,,,clean,automatic,SUV,https://denver.craigslist.org/ctd/d/denver-2012-honda-cr-ex-lnew-side-ball/7590700206.html,2HKRM4H78CH613866,HONDA,CR-V,2012,4.0
277,2016 mercedes-benz c450 amg 4matic,26995.0,excellent,6 cylinders,4wd,gas,81008,,,clean,automatic,sedan,https://denver.craigslist.org/ctd/d/englewood-2016-mercedes-c450-amg-awd/7590644016.html,55SWF6EB9GU134098,MERCEDES-BENZ,C-Class,2016,4.0
224,2018 Ford Transit Van,24998.0,good,6 cylinders,rwd,gas,137204,white,mid-size,clean,automatic,van,https://denver.craigslist.org/ctd/d/denver-2018-ford-transit-van-low-rf/7590841754.html,1FTYE9ZM4JKA56463,FORD,Transit,2018,4.0
386,2014 Audi A6 20T quattro Premium,298.0,excellent,4 cylinders,4wd,gas,111556,,,,automatic,other,https://denver.craigslist.org/ctd/d/denver-2014-audi-a6-6-6-20t-20-20/7590270819.html,WAUGFAFC8EN151258,AUDI,A6,2014,4.0
20,2005 Toyota 4Runner Limited,11999.0,,8 cylinders,4wd,gas,279009,,,clean,automatic,SUV,https://denver.craigslist.org/ctd/d/longmont-2005-toyota-4runner-4x4-4wd/7590913274.html,JTEBT17R458026129,TOYOTA,4-Runner,2005,4.0
367,2007 Ford E250 Super Duty Cargo,11995.0,,8 cylinders,rwd,gas,131827,white,,clean,automatic,other,https://denver.craigslist.org/ctd/d/denver-2007-ford-e250-super-duty-cargo/7590695421.html,1FTNE24L57DA70975,FORD,E-250,2007,4.0
237,2005 subaru legacy 2.5 gt limited AWD,6999.0,excellent,4 cylinders,4wd,gas,175037,,,clean,automatic,sedan,https://denver.craigslist.org/ctd/d/denver-2005-subaru-legacy-25-gt/7590700124.html,4S3BL676954229158,SUBARU,Legacy,2005,4.0
220,2016 nissan pathfinder,9988.0,,,,other,197395,,,clean,automatic,,https://denver.craigslist.org/ctd/d/colorado-springs-2016-nissan-pathfinder/7590838700.html,5N1AR2MM3GC620655,NISSAN,Pathfinder,2016,4.0
147,2020 Chevrolet Tahoe LT,25299.0,excellent,8 cylinders,4wd,gas,163646,,,clean,automatic,SUV,https://denver.craigslist.org/ctd/d/littleton-2020-chevrolet-tahoe-lt/7590864291.html,1GNSKBKC7LR206249,CHEVROLET,Tahoe,2020,4.0
385,2016 Toyota Prius,19988.0,,4 cylinders,fwd,hybrid,91730,grey,,clean,automatic,sedan,https://denver.craigslist.org/ctd/d/denver-2016-toyota-prius/7590270654.html,JTDKARFU6G3509250,TOYOTA,PRIUS,2016,4.0
46,2016 Mercedes-Benz C Class,24988.0,,4 cylinders,4wd,gas,91219,grey,,clean,automatic,sedan,https://denver.craigslist.org/ctd/d/denver-2016-mercedes-benz-class-c300/7590933325.html,55SWF4KB1GU097959,MERCEDES-BENZ,C-Class,2016,4.0
76,2018 GMC Yukon,42999.0,excellent,,4wd,gas,67776,black,,clean,automatic,SUV,https://denver.craigslist.org/ctd/d/englewood-2018-gmc-yukon-denali-4wd-with/7590944193.html,1GKS2CKJ4JR213612,GMC,Yukon,2018,4.0
279,2007 toyota 4runner limited,10995.0,excellent,8 cylinders,4wd,gas,207163,,,clean,automatic,SUV,https://denver.craigslist.org/ctd/d/englewood-2007-toyota-4runner-limited/7590644599.html,JTEBT17R978039591,TOYOTA,4-Runner,2007,4.0
207,2012 Audi A4,15988.0,,4 cylinders,4wd,gas,71765,blue,,clean,other,sedan,https://denver.craigslist.org/ctd/d/denver-2012-audi-a4-premium-plusawd/7590834475.html,WAUFFAFL8CN011039,AUDI,A4,2012,4.0
336,2014 Land Rover Range Rover Supercharged,49900.0,,8 cylinders,4wd,gas,32762,white,,clean,automatic,SUV,https://denver.craigslist.org/ctd/d/gladstone-2014-land-rover-50l-v8/7590664103.html,SALGS2TF9EA173966,LAND ROVER,Range Rover,2014,4.0
211,2016 Nissan Pathfinder,18999.0,,6 cylinders,4wd,gas,102632,grey,mid-size,clean,other,SUV,https://denver.craigslist.org/ctd/d/longmont-2016-nissan-pathfinder/7590835668.html,5N1AR2MM1GC626082,NISSAN,Pathfinder,2016,4.0
377,2018 Ford Transit Van,33998.0,good,6 cylinders,rwd,gas,78053,white,mid-size,clean,automatic,van,https://denver.craigslist.org/ctd/d/denver-2018-ford-transit-van-med-rf/7590261545.html,1FTYR2CG1JKB46264,FORD,Transit,2018,4.0
366,2018 Kia Optima,16900.0,,4 cylinders,fwd,gas,22917,custom,,clean,automatic,sedan,https://denver.craigslist.org/ctd/d/denver-2018-kia-optima/7590695417.html,5XXGT4L32JG180133,KIA,Optima,2018,4.0
322,2013 Lexus GS 350 AWD,16500.0,good,6 cylinders,4wd,gas,127500,black,mid-size,clean,automatic,sedan,https://denver.craigslist.org/cto/d/englewood-2013-lexus-gs-350-awd/7590653448.html,JTHCE1BL5D5004905,LEXUS,GS,2013,4.0
431,2012 HONDA CR-V,15999.0,,,4wd,gas,110130,green,,clean,automatic,SUV,https://denver.craigslist.org/ctd/d/denver-2012-honda-cr-ex-awd-4dr-suv/7590293777.html,2HKRM4H70CH624425,HONDA,CR-V,2012,4.0
276,2012 subaru outback,7995.0,excellent,4 cylinders,4wd,gas,144223,,,clean,automatic,,https://denver.craigslist.org/ctd/d/englewood-2012-subaru-outback-25i-awd/7590643911.html,4S4BRBCC9C3279611,SUBARU,Outback,2012,4.0
95,2016 Honda Odyssey SE Wheelchair Vans,39995.0,,6 cylinders,fwd,gas,64159,silver,,clean,automatic,mini-van,https://denver.craigslist.org/ctd/d/laguna-woods-2016-honda-odyssey-se/7590855922.html,5FNRL5H37GB046169,HONDA,Odyssey,2016,4.5
129,2014 Honda Odyssey EX-L Wheelchair Van,35995.0,,6 cylinders,fwd,gas,88784,black,,clean,automatic,mini-van,https://denver.craigslist.org/ctd/d/laguna-woods-2014-honda-odyssey-ex/7590862029.html,5FNRL5H60EB093406,HONDA,Odyssey,2014,4.5
263,2013 Ram Ram Pickup 1500 Express,16099.0,excellent,8 cylinders,4wd,gas,177505,,,,automatic,truck,https://denver.craigslist.org/ctd/d/golden-2013-ram-ram-pickup-1500-express/7590641624.html,1C6RR7KT0DS670856,RAM,1500,2013,4.5
73,2014 RAM 1500,17999.0,excellent,,4wd,gas,133693,white,,clean,automatic,pickup,https://denver.craigslist.org/ctd/d/englewood-2014-ram-wd-crew-cab-1405-in/7590943936.html,1C6RR7LG5ES171313,RAM,1500,2014,4.5
105,2014 Honda Odyssey EX-L Wheelchair Van,35995.0,,6 cylinders,fwd,gas,88784,black,,clean,automatic,mini-van,https://denver.craigslist.org/ctd/d/laguna-woods-2014-honda-odyssey-ex/7590856783.html,5FNRL5H60EB093406,HONDA,Odyssey,2014,4.5
305,2014 audi a4 2.0t,8995.0,excellent,4 cylinders,fwd,gas,102223,,,clean,automatic,sedan,https://denver.craigslist.org/ctd/d/englewood-2014-audi-a4-20t-102k-miles/7590646900.html,WAUAFAFL8EN017128,AUDI,A4,2014,4.5
125,2014 Subaru Outback,11799.0,,4 cylinders,,gas,132251,white,,clean,automatic,wagon,https://denver.craigslist.org/ctd/d/aurora-2014-subaru-outback-limited-awd/7590861500.html,4S4BRBKC4E3220020,SUBARU,Outback,2014,4.5
185,Ford Transit Cargo Van,79900.0,,6 cylinders,rwd,,47,white,,clean,automatic,,https://denver.craigslist.org/ctd/d/denver-2022-ford-transit-cargo-van-xl/7590890103.html,1FTYE1C82NKA55850,FORD,Transit,2022,4.5
130,2014 Honda Odyssey EX-L Wheelchair Van,38995.0,,6 cylinders,fwd,gas,71679,black,,clean,automatic,mini-van,https://denver.craigslist.org/ctd/d/laguna-woods-2014-honda-odyssey-ex/7590862068.html,5FNRL5H60EB033724,HONDA,Odyssey,2014,4.5
175,2018 Subaru Forester,18988.0,,4 cylinders,4wd,gas,108669,blue,,clean,automatic,SUV,https://denver.craigslist.org/ctd/d/denver-2018-subaru-forester-25i/7590887344.html,JF2SJAGC2JH551255,SUBARU,Forester,2018,4.5
250,2017 Subaru Forester,11950.0,excellent,,4wd,gas,47005,,,rebuilt,automatic,wagon,https://denver.craigslist.org/ctd/d/englewood-2017-subaru-forester-25i/7590701832.html,JF2SJAECXHH403304,SUBARU,Forester,2017,4.5
104,2014 Honda Odyssey Touring Elite Wheelchair Van,36995.0,,6 cylinders,fwd,gas,81292,grey,,clean,automatic,mini-van,https://denver.craigslist.org/ctd/d/laguna-woods-2014-honda-odyssey-touring/7590856742.html,5FNRL5H91EB012732,HONDA,Odyssey,2014,4.5
225,2010 Ford Econoline Cargo Van,14998.0,good,8 cylinders,rwd,gas,155639,white,mid-size,clean,automatic,van,https://denver.craigslist.org/ctd/d/denver-2010-ford-econoline-cargo-van/7590841800.html,1FTNE1EW6ADA90999,FORD,E-150,2010,4.5
266,2017 Jeep Grand Cherokee,22988.0,,6 cylinders,4wd,gas,91915,red,,clean,automatic,SUV,https://denver.craigslist.org/ctd/d/denver-2017-jeep-grand-cherokee/7590642344.html,1C4RJFAG1HC739651,JEEP,Grand Cherokee,2017,4.75
218,2023 gmc yukon,75800.0,,,,gas,78,,,clean,automatic,,https://denver.craigslist.org/ctd/d/kiowa-2023-gmc-yukon-slt-no-dealer-fees/7590837839.html,1GKS2BKD6PR170131,GMC,Yukon,2023,5.0
53,2019 Subaru Forester Touring,31999.0,,4 cylinders,4wd,gas,18933,,,clean,manual,sedan,https://denver.craigslist.org/ctd/d/longmont-2019-subaru-forester-awd-all/7590938473.html,JF2SKAWC9KH405399,SUBARU,Forester,2019,5.0
380,2013 toyota 4runner sr5 4x4,26999.0,excellent,6 cylinders,4wd,gas,84659,grey,full-size,clean,automatic,SUV,https://denver.craigslist.org/ctd/d/englewood-2013-toyota-4runner-sr5-4wd/7590267274.html,JTEBU5JR2D5128770,TOYOTA,4-Runner,2013,5.0
106,2019 toyota rav4 limited,38500.0,like new,4 cylinders,4wd,hybrid,24500,red,,clean,automatic,SUV,https://denver.craigslist.org/cto/d/denver-2019-toyota-hybrid-rav4-low-miles/7590857088.html,JTMDWRFV0KD509377,TOYOTA,RAV4,2019,5.0
461,2019 Hyundai Accent,15988.0,,4 cylinders,fwd,gas,56188,silver,,clean,other,sedan,https://denver.craigslist.org/ctd/d/denver-2019-hyundai-accent-fuel/7590297999.html,3KPC24A32KE080144,HYUNDAI,Accent,2019,5.0
201,2018 Jeep Cherokee Latitude,20999.0,,4 cylinders,4wd,gas,51736,,,clean,automatic,SUV,https://denver.craigslist.org/ctd/d/longmont-2018-jeep-cherokee-4x4-4wd/7590900034.html,1C4PJMCB6JD559756,JEEP,Cherokee,2018,5.0
216,2020 Subaru Forester Base awd,17499.0,excellent,4 cylinders,4wd,gas,113036,,,clean,automatic,wagon,https://denver.craigslist.org/ctd/d/denver-2020-subaru-foresterbelow-book/7590837342.html,JF2SKAAC0LH434220,SUBARU,Forester,2020,5.0
232,2020 Subaru Forester Base awd,17499.0,excellent,4 cylinders,4wd,gas,113036,,,clean,automatic,wagon,https://denver.craigslist.org/ctd/d/denver-2020-subaru-foresterclean/7590700050.html,JF2SKAAC0LH434220,SUBARU,Forester,2020,5.0
348,2014 Nissan Altima,12988.0,,4 cylinders,fwd,gas,102286,,,clean,automatic,sedan,https://denver.craigslist.org/ctd/d/denver-2014-nissan-altima-25-sfuel/7590670304.html,1N4AL3AP8EC902674,NISSAN,Altima,2014,5.0
183,2017 Jeep Cherokee Limited,15999.0,,4 cylinders,4wd,gas,113079,,,clean,automatic,SUV,https://denver.craigslist.org/ctd/d/longmont-2017-jeep-cherokee-4x4-4wd/7590889348.html,1C4PJMDB6HW519951,JEEP,Cherokee,2017,5.0
208,2013 Chevrolet Camaro,,,6 cylinders,rwd,gas,88410,black,,clean,automatic,coupe,https://denver.craigslist.org/ctd/d/denver-2013-chevrolet-camaro-1lt/7590834735.html,2G1FB1E31D9200340,CHEVROLET,Camaro,2013,5.0
151,2011 Toyota 4Runner SR5 Premium,17990.0,excellent,6 cylinders,4wd,gas,219305,,,,automatic,other,https://denver.craigslist.org/ctd/d/denver-2011-toyota-4runner-sr5-premium/7590864431.html,JTEBU5JR4B5043314,TOYOTA,4-Runner,2011,5.0
78,2017 subaru impreza awd,12999.0,excellent,4 cylinders,4wd,gas,74241,white,mid-size,rebuilt,automatic,hatchback,https://denver.craigslist.org/ctd/d/denver-2017-subaru-impreza-awd/7590944257.html,4S3GTAA67H3707055,SUBARU,Impreza,2017,5.0
36,2014 FORD EXPLORER,13919.0,,,,gas,121421,,,clean,automatic,other,https://denver.craigslist.org/ctd/d/pueblo-2014-ford-explorer/7590927429.html,1FM5K8B82EGC40050,FORD,Explorer,2014,5.0
234,2017 subaru outback 2.5i premium awd,12999.0,excellent,4 cylinders,4wd,gas,164202,,,clean,automatic,wagon,https://denver.craigslist.org/ctd/d/denver-2017-subaru-outback-25i/7590700084.html,4S4BSAFC1H3364184,SUBARU,Outback,2017,5.0
90,2017 Dodge Grand Caravan SE Wheelchair Van,34995.0,,6 cylinders,fwd,other,46380,white,,clean,automatic,mini-van,https://denver.craigslist.org/ctd/d/laguna-woods-2017-dodge-grand-caravan/7590854892.html,2C7WDGBG3HR828811,DODGE,Grand Caravan,2017,5.5
44,2020 Dodge Caravan,37500.0,excellent,6 cylinders,fwd,gas,72928,black,,clean,automatic,,https://denver.craigslist.org/ctd/d/wichita-free-shipping-carfax-warranty/7590932649.html,2C4RDGCG0LR153629,DODGE,Grand Caravan,2020,5.5
84,2018 Dodge Grand Caravan SXT Wheelchair Van,38995.0,,6 cylinders,fwd,other,55489,black,,clean,automatic,mini-van,https://denver.craigslist.org/ctd/d/laguna-woods-2018-dodge-grand-caravan/7590854714.html,2C4RDGCG9JR299265,DODGE,Grand Caravan,2018,5.5
128,2016 Dodge Grand Caravan SXT Wheelchair Van,29995.0,,6 cylinders,fwd,other,77305,silver,,clean,automatic,mini-van,https://denver.craigslist.org/ctd/d/laguna-woods-2016-dodge-grand-caravan/7590861998.html,2C4RDGCG3GR311080,DODGE,Grand Caravan,2016,5.5
138,2012 Dodge Grand Caravan Wheelchair Van,29995.0,,6 cylinders,fwd,other,32239,silver,,clean,automatic,mini-van,https://denver.craigslist.org/ctd/d/laguna-woods-2012-dodge-grand-caravan/7590862265.html,2C4RDGDG5CR281301,DODGE,Grand Caravan,2012,5.5
102,2015 Dodge Grand Caravan Wheelchair Van,30995.0,,6 cylinders,fwd,other,75866,red,,clean,automatic,mini-van,https://denver.craigslist.org/ctd/d/laguna-woods-2015-dodge-grand-caravan/7590856678.html,2C4RDGBG6FR606254,DODGE,Grand Caravan,2015,5.5
103,2015 Dodge Grand Caravan SXT Wheelchair Van,31995.0,,6 cylinders,fwd,other,53961,red,,clean,automatic,mini-van,https://denver.craigslist.org/ctd/d/laguna-woods-2015-dodge-grand-caravan/7590856720.html,2C4RDGCG2FR623633,DODGE,Grand Caravan,2015,5.5
85,2018 Dodge Grand Caravan SE Wheelchair Van,31995.0,,6 cylinders,fwd,other,75060,silver,,clean,automatic,mini-van,https://denver.craigslist.org/ctd/d/laguna-woods-2018-dodge-grand-caravan/7590854736.html,2C4RDGBG1JR225159,DODGE,Grand Caravan,2018,5.5
87,2018 Dodge Grand Caravan GT Wheelchair van,31995.0,,6 cylinders,fwd,other,59003,,,clean,automatic,mini-van,https://denver.craigslist.org/ctd/d/laguna-woods-2018-dodge-grand-caravan/7590854796.html,2C4RDGEG6JR195541,DODGE,Grand Caravan,2018,5.5
82,2019 Dodge Grand Caravan SE Wheelchair Van,33995.0,,6 cylinders,fwd,other,68148,white,,clean,automatic,mini-van,https://denver.craigslist.org/ctd/d/laguna-woods-2019-dodge-grand-caravan/7590854657.html,2C4RDGBG1KR742124,DODGE,Grand Caravan,2019,5.5
86,2018 Dodge Grand Caravan SE Wheelchair Van,33995.0,,6 cylinders,fwd,other,80839,,,clean,automatic,mini-van,https://denver.craigslist.org/ctd/d/laguna-woods-2018-dodge-grand-caravan/7590854765.html,2C7WDGBG6JR143479,DODGE,Grand Caravan,2018,5.5
96,2016 Dodge Grand Caravan SXT Wheelchair Van,29995.0,,6 cylinders,fwd,other,77305,silver,,clean,automatic,mini-van,https://denver.craigslist.org/ctd/d/laguna-woods-2016-dodge-grand-caravan/7590855953.html,2C4RDGCG3GR311080,DODGE,Grand Caravan,2016,5.5
97,2015 Dodge Grand Caravan Wheelchair Van,34995.0,,6 cylinders,fwd,other,45556,black,,clean,automatic,mini-van,https://denver.craigslist.org/ctd/d/laguna-woods-2015-dodge-grand-caravan/7590855999.html,2C4RDGBG3FR600282,DODGE,Grand Caravan,2015,5.5
93,2017 Dodge Grand Caravan SE Wheelchair Van,34995.0,,6 cylinders,fwd,other,55879,white,,clean,automatic,mini-van,https://denver.craigslist.org/ctd/d/laguna-woods-2017-dodge-grand-caravan/7590855863.html,2C7WDGBG3HR838500,DODGE,Grand Caravan,2017,5.5
101,2015 Dodge Grand Caravan Wheelchair Van,34995.0,,6 cylinders,fwd,other,45556,black,,clean,automatic,mini-van,https://denver.craigslist.org/ctd/d/laguna-woods-2015-dodge-grand-caravan/7590856663.html,2C4RDGBG3FR600282,DODGE,Grand Caravan,2015,5.5
91,2017 Dodge Grand Caravan SE Wheelchair Van,34995.0,,6 cylinders,fwd,other,55879,white,,clean,automatic,mini-van,https://denver.craigslist.org/ctd/d/laguna-woods-2017-dodge-grand-caravan/7590854923.html,2C7WDGBG3HR838500,DODGE,Grand Caravan,2017,5.5
215,2017 Nissan Altima,14999.0,,4 cylinders,fwd,gas,86655,grey,mid-size,clean,other,sedan,https://denver.craigslist.org/ctd/d/longmont-2017-nissan-altima-25-sl-extra/7590837157.html,1N4AL3AP8HC249056,NISSAN,Altima,2017,5.5
134,2013 Dodge Grand Caravan Wheelchair Van,23995.0,,6 cylinders,fwd,gas,93179,black,,clean,automatic,mini-van,https://denver.craigslist.org/ctd/d/laguna-woods-2013-dodge-grand-caravan/7590862171.html,2C4RDGBG1DR661529,DODGE,Grand Caravan,2013,5.5
131,2014 Dodge Grand Caravan SE Wheelchair Van,29995.0,,6 cylinders,fwd,other,66862,silver,,clean,automatic,mini-van,https://denver.craigslist.org/ctd/d/laguna-woods-2014-dodge-grand-caravan/7590862087.html,2C4RDGBG7ER140364,DODGE,Grand Caravan,2014,5.5
251,2020 Subaru Impreza,12950.0,excellent,,4wd,gas,32043,white,,rebuilt,automatic,wagon,https://denver.craigslist.org/ctd/d/englewood-2020-subaru-impreza-base-awd/7590701858.html,4S3GTAB60L3714355,SUBARU,Impreza,2020,5.5
335,2010 HYUNDAI SONATA,7995.0,,,,other,124698,silver,full-size,clean,automatic,sedan,https://denver.craigslist.org/ctd/d/denver-2010-hyundai-sonata-gls/7590659778.html,5NPET4AC5AH590679,HYUNDAI,Sonata,2010,5.5
392,2019 subaru outback awd wagon,19000.0,excellent,4 cylinders,4wd,gas,37560,grey,mid-size,rebuilt,automatic,wagon,https://denver.craigslist.org/ctd/d/denver-2019-subaru-outback-25i-awd/7590272563.html,4S4BSABC7K3286362,SUBARU,Outback,2019,5.5
140,2012 Dodge Grand Caravan SE Wheelchair Van,28995.0,,6 cylinders,fwd,other,53373,silver,,clean,automatic,mini-van,https://denver.craigslist.org/ctd/d/laguna-woods-2012-dodge-grand-caravan/7590862329.html,2C4RDGBG4CR369856,DODGE,Grand Caravan,2012,5.5
135,2013 Dodge Grand Caravan Wheelchair Van,24995.0,,6 cylinders,fwd,gas,73577,white,,clean,automatic,mini-van,https://denver.craigslist.org/ctd/d/laguna-woods-2013-dodge-grand-caravan/7590862205.html,2C4RDGBG1DR628398,DODGE,Grand Caravan,2013,5.5
133,2013 Dodge Grand Caravan Wheelchair Van,24995.0,,6 cylinders,fwd,gas,82158,,,clean,automatic,mini-van,https://denver.craigslist.org/ctd/d/laguna-woods-2013-dodge-grand-caravan/7590862136.html,2C4RDGBG9DR696027,DODGE,Grand Caravan,2013,5.5
369,2011 DODGE GRAND CARAVAN MAINSTREET,28900.0,,,,gas,71458,,,clean,automatic,,https://denver.craigslist.org/ctd/d/irving-dodge-grand-caravan-mobility/7590696680.html,2D4RN3DG7BR639327,DODGE,Grand Caravan,2011,5.5
139,2012 Dodge Grand Caravan SXT Wheelchair Van,27995.0,,6 cylinders,fwd,other,58783,grey,,clean,automatic,mini-van,https://denver.craigslist.org/ctd/d/laguna-woods-2012-dodge-grand-caravan/7590862309.html,2C4RDGCG0CR178773,DODGE,Grand Caravan,2012,5.5
365,2018 Subaru Outback,19995.0,,4 cylinders,,gas,31033,,,rebuilt,automatic,SUV,https://denver.craigslist.org/ctd/d/denver-2018-subaru-outback/7590695406.html,4S4BSACC0J3353140,SUBARU,Outback,2018,5.5
137,2013 Dodge Grand Caravan SE Wheelchair Van,26995.0,,6 cylinders,fwd,gas,74939,blue,,clean,automatic,mini-van,https://denver.craigslist.org/ctd/d/laguna-woods-2013-dodge-grand-caravan/7590862233.html,2C4RDGBG6DR800683,DODGE,Grand Caravan,2013,5.5
99,2016 Dodge Grand Caravan SXT Wheelchair Van,29995.0,,6 cylinders,fwd,other,77305,silver,,clean,automatic,mini-van,https://denver.craigslist.org/ctd/d/laguna-woods-2016-dodge-grand-caravan/7590856627.html,2C4RDGCG3GR311080,DODGE,Grand Caravan,2016,5.5
442,2012 FORD FIESTA,7500.0,,,,gas,66680,white,sub-compact,clean,automatic,sedan,https://denver.craigslist.org/ctd/d/denver-2012-ford-fiesta-se-4dr-sedan/7590294263.html,3FADP4BJXCM102925,FORD,Fiesta,2012,6.0
271,2012 volkswagen jetta gli,5995.0,excellent,4 cylinders,,gas,126013,,,clean,manual,sedan,https://denver.craigslist.org/ctd/d/englewood-2013-volkswagen-jetta-gli/7590642854.html,3VW567AJ5DM270670,VOLKSWAGEN,Jetta,2013,6.0
283,2015 volkswagen jetta tdi,7995.0,excellent,4 cylinders,fwd,diesel,149223,,,clean,automatic,sedan,https://denver.craigslist.org/ctd/d/englewood-2015-volkswagen-jetta-tdi/7590645420.html,3VWLA7AJ6FM239209,VOLKSWAGEN,Jetta,2015,6.5
50,2019 Subaru Legacy,22988.0,,4 cylinders,4wd,gas,71014,,,clean,automatic,sedan,https://denver.craigslist.org/ctd/d/denver-2019-subaru-legacy-awdone-owner/7590933750.html,4S3BNAB67K3038568,SUBARU,Legacy,2019,6.5
172,2018 Hyundai Sonata,15988.0,,4 cylinders,fwd,gas,93026,black,,clean,other,sedan,https://denver.craigslist.org/ctd/d/denver-2018-hyundai-sonata/7590887021.html,5NPE34AF3JH642983,HYUNDAI,Sonata,2018,7.5
289,2017 nissan sentra sv,8995.0,excellent,4 cylinders,fwd,gas,109223,,,clean,automatic,sedan,https://denver.craigslist.org/ctd/d/englewood-2017-nissan-sentra-sv-109k/7590646128.html,3N1AB7AP6HY347064,NISSAN,Sentra,2017,7.5
454,2022 nissan sentra sv,21300.0,like new,4 cylinders,fwd,gas,28000,red,compact,clean,automatic,sedan,https://denver.craigslist.org/cto/d/denver-2022-nissan-sentra-sv/7590294836.html,3N1AB8CV0NY248009,NISSAN,Sentra,2022,8.0
278,2008 honda accord ex v6,8495.0,,6 cylinders,fwd,gas,151692,silver,,clean,automatic,sedan,https://denver.craigslist.org/ctd/d/broomfield-2008-honda-accord-ex-v6/7590644040.html,1HGCP36778A006707,HONDA,Accord,2008,8.0
310,2007 Honda Civic EX,4995.0,,4 cylinders,fwd,gas,188711,blue,,clean,automatic,sedan,https://denver.craigslist.org/ctd/d/denver-2007hondacivicex188k-milessunroof/7590647021.html,1HGFA16887L089630,HONDA,Civic,2007,8.0
9,2010 Honda Accord,13999.0,,4 cylinders,fwd,gas,89299,,,clean,automatic,sedan,https://denver.craigslist.org/ctd/d/denver-2010-honda-accord-lx-sedan-4d/7590909935.html,1HGCP2F32AA082252,HONDA,Accord,2010,8.0
158,1998 GMC Suburban K1500,8999.0,,8 cylinders,4wd,gas,146750,,,clean,automatic,SUV,https://denver.craigslist.org/ctd/d/longmont-1998-gmc-suburban-4x4-4wd/7590867886.html,1GKFK16R0WJ732653,GMC,Suburban,1998,8.0
427,2009 HONDA CIVIC,8999.0,,,,gas,112685,silver,,clean,automatic,coupe,https://denver.craigslist.org/ctd/d/denver-2009-honda-civic-lx-2dr-coupe-5a/7590293610.html,2HGFG12699H522049,HONDA,Civic,2009,8.5
25,2015 Honda Civic EX-L,14999.0,,4 cylinders,fwd,gas,109408,,,clean,automatic,coupe,https://denver.craigslist.org/ctd/d/longmont-2015-honda-civic-ex-coupe/7590920728.html,2HGFG3B0XFH523875,HONDA,Civic,2015,9.5
7,2006 Buick Lucerne CX,5988.0,excellent,6 cylinders,,gas,143023,,,,automatic,sedan,https://denver.craigslist.org/ctd/d/denver-2006-buick-lucerne-cx-buy-here/7590909783.html,1G4HP57256U166904,BUICK,Lucerne,2006,NO_MATCH
434,2007 MINI COOPER,5999.0,,,,gas,116185,,sub-compact,clean,manual,hatchback,https://denver.craigslist.org/ctd/d/denver-2007-mini-cooper-base-2dr/7590293907.html,WMWMF33597TU61843,MINI,Cooper,2007,NO_MATCH
342,2020 GMC sierra 1500 AT4,65000.0,excellent,8 cylinders,4wd,gas,59100,black,full-size,lien,automatic,pickup,https://denver.craigslist.org/cto/d/franktown-2020-gmc-sierra-1500-at4/7590667476.html,3GTP9EEL3LG178974,GMC,Sierra,2020,NO_MATCH
18,2013 Cadillac XTS Premium,306.0,excellent,6 cylinders,4wd,gas,104908,,,,automatic,other,https://denver.craigslist.org/ctd/d/denver-2013-cadillac-xts-premium/7590912724.html,2G61T5S31D9242892,CADILLAC,XTS,2013,NO_MATCH
452,2004 BMW 325CI,9999.0,,,,gas,125165,blue,sub-compact,clean,automatic,coupe,https://denver.craigslist.org/ctd/d/denver-2004-bmw-series-325ci-2dr-coupe/7590294760.html,WBABV13464JT20712,BMW,325Ci,2004,NO_MATCH
391,2019 Porsche 911,99950.0,,6 cylinders,rwd,gas,6505,black,,clean,automatic,other,https://denver.craigslist.org/ctd/d/miami-2019-porsche-call-now/7590271957.html,WP0AF2A92KS164420,PORSCHE,911,2019,NO_MATCH
35,2001 toyota camry,2000.0,good,4 cylinders,fwd,gas,177849,green,full-size,clean,manual,sedan,https://denver.craigslist.org/cto/d/parker-2001-toyota-camry/7590927399.html,4T1BG22K31U783786,TOYOTA,Camry,2001,NO_MATCH
17,2015 Tesla Model S P85D,39999.0,excellent,other,4wd,electric,110921,,,clean,automatic,hatchback,https://denver.craigslist.org/ctd/d/littleton-2015-tesla-model-p85d-85-p-85/7590912710.html,5YJSA1H41FF085525,TESLA,Model S,2015,NO_MATCH
301,2008 mini cooper,5995.0,excellent,4 cylinders,fwd,gas,86223,,,clean,manual,,https://denver.craigslist.org/ctd/d/englewood-2008-mini-cooper-speed-manual/7590646778.html,WMWMF33548TU66787,MINI,Cooper,2008,NO_MATCH
439,1998 BMW 318I,7999.0,,,,gas,126570,silver,sub-compact,clean,automatic,sedan,https://denver.craigslist.org/ctd/d/denver-1998-bmw-series-318i-4dr-sedan/7590294110.html,WBACC0327WEK27163,BMW,318i,1998,NO_MATCH
217,GMC Sierra 3500HD,82900.0,,8 cylinders,4wd,diesel,9365,silver,,clean,automatic,pickup,https://denver.craigslist.org/ctd/d/american-fork-2022-gmc-sierra-3500hd/7590837810.html,1GT49WEY1NF260680,GMC,Sierra HD,2022,NO_MATCH
6,2007 hyundai tucson,5500.0,good,6 cylinders,4wd,gas,159825,blue,mid-size,clean,automatic,SUV,https://denver.craigslist.org/cto/d/denver-2007-hyundai-tucson/7590908168.html,KM8JN72DX7U607052,HYUNDAI,Tucson,2007,NO_MATCH
149,2015 GMC Sierra 2500HD,45900.0,,8 cylinders,4wd,diesel,126228,white,,clean,automatic,pickup,https://denver.craigslist.org/ctd/d/american-fork-2015-gmc-sierra-2500hd/7590864370.html,1GT12ZE85FF553332,GMC,Sierra,2015,NO_MATCH
30,2009 toyota matrix awd,5950.0,good,4 cylinders,4wd,gas,169096,,,clean,automatic,,https://denver.craigslist.org/cto/d/denver-2009-toyota-matrix-awd-new/7590925479.html,2T1LE40E59C003772,TOYOTA,Corolla Matrix,2009,NO_MATCH
450,1995 BUICK RIVIERA,7999.0,,,,gas,115510,,,clean,automatic,coupe,https://denver.craigslist.org/ctd/d/denver-1995-buick-riviera-supercharged/7590294638.html,1G4GD2211S4710018,BUICK,Riviera,1995,NO_MATCH
302,2011 BMW 335i xDrive,9995.0,,6 cylinders,4wd,gas,113018,silver,,clean,automatic,sedan,https://denver.craigslist.org/ctd/d/denver-turboall-wheel-drive2011bmw335i/7590646798.html,WBAPL5C54BA917883,BMW,335i,2011,NO_MATCH
272,2008 bmw 135i,7995.0,excellent,6 cylinders,,gas,137223,,,clean,automatic,coupe,https://denver.craigslist.org/ctd/d/englewood-2008-bmw-135i-137k-miles/7590643011.html,WBAUC73558VF24283,BMW,135i,2008,NO_MATCH
79,2011 Jeep Wrangler,14999.0,excellent,,4wd,gas,115473,silver,,clean,automatic,SUV,https://denver.craigslist.org/ctd/d/englewood-2011-jeep-wrangler-sport-4wd/7590944305.html,1J4AA2D14BL544819,JEEP,Wrangler,2011,NO_MATCH
445,1995 BMW 740LI,12999.0,,,,gas,97300,,,clean,automatic,sedan,https://denver.craigslist.org/ctd/d/denver-1995-bmw-series-740il-4dr-sedan/7590294422.html,WBAGJ6323SDH35904,BMW,740Li,1995,NO_MATCH
59,2017 VW Golf Alltrack,23950.0,like new,4 cylinders,4wd,gas,56300,white,mid-size,clean,automatic,,https://denver.craigslist.org/ctd/d/englewood-2017-volkswagen-golf-alltrack/7590942136.html,3VWH17AU1HM524337,VOLKSWAGEN,Golf Alltrack,2017,NO_MATCH
398,2008 gmc sierra 3500hd,24999.0,like new,8 cylinders,4wd,diesel,240000,,,clean,automatic,truck,https://denver.craigslist.org/ctd/d/kimmswick-2008-gmc-x4-duramax-diesel/7590276752.html,1GTHK33688F135976,GMC,Sierra,2008,NO_MATCH
62,2015 Chevrolet Silverado 1500,24999.0,excellent,,4wd,gas,103407,white,,clean,automatic,pickup,https://denver.craigslist.org/ctd/d/englewood-2015-chevrolet-silverado-wd/7590942919.html,3GCUKREC6FG125978,CHEVROLET,Silverado,2015,NO_MATCH
63,2017 Ford Expedition EL,22999.0,excellent,,4wd,gas,157995,,,clean,automatic,SUV,https://denver.craigslist.org/ctd/d/englewood-2017-ford-expedition-el/7590943019.html,1FMJK2AT1HEA18732,FORD,Expedition EL,2017,NO_MATCH
77,2015 GMC Sierra 2500HD,25999.0,excellent,,4wd,gas,154480,white,,clean,automatic,pickup,https://denver.craigslist.org/ctd/d/englewood-2015-gmc-sierra-2500hd-base/7590944245.html,1GT12XEG6FF150584,GMC,Sierra,2015,NO_MATCH
173,2019 GMC Sierra 1500 Crew Cab,22950.0,,8 cylinders,4wd,gas,68799,black,,clean,automatic,pickup,https://denver.craigslist.org/ctd/d/miami-2019-gmc-sierra-1500-crew-cab/7590887054.html,1GTU9BED5KZ305927,GMC,Sierra,2019,NO_MATCH
162,2015 VPG MV-1,21900.0,,6 cylinders,,,126491,silver,,clean,automatic,,https://denver.craigslist.org/ctd/d/denver-2015-vpg-mv-dx-silver/7590877228.html,57WMD2C6XFM100248,AM GENERAL,MV-1,2015,NO_MATCH
72,2014 Chevrolet Silverado 1500,26999.0,excellent,,4wd,gas,103141,black,,clean,automatic,pickup,https://denver.craigslist.org/ctd/d/englewood-2014-chevrolet-silverado-lz/7590943860.html,3GCUKSEC5EG196904,CHEVROLET,Silverado,2014,NO_MATCH
81,2013 Audi S4,20950.0,excellent,6 cylinders,4wd,gas,97873,silver,mid-size,clean,automatic,sedan,https://denver.craigslist.org/cto/d/castle-rock-2013-audi-s4/7590944787.html,WAUBGAFL4DA041868,AUDI,S4,2013,NO_MATCH
27,2011 Jeep Wrangler Sahara,19999.0,excellent,6 cylinders,4wd,gas,128254,black,full-size,clean,automatic,SUV,https://denver.craigslist.org/ctd/d/denver-2011-jeep-wrangler-sahara-4wd/7590922365.html,1J4AA5D18BL515728,JEEP,Wrangler,2011,NO_MATCH
176,2020 Chevrolet Silverado 1500 Crew Cab,19950.0,,4 cylinders,,gas,61470,white,,salvage,automatic,pickup,https://denver.craigslist.org/ctd/d/miami-2020-chevrolet-silverado-1500/7590887392.html,3GCPWCEK0LG304891,CHEVROLET,Silverado,2020,NO_MATCH
331,2018 BMW 4 Series,28988.0,,4 cylinders,4wd,gas,79579,,,clean,automatic,sedan,https://denver.craigslist.org/ctd/d/denver-2018-bmw-series-430i-xdriveawdm/7590658377.html,WBA4J3C5XJBG97058,BMW,430i,2018,NO_MATCH
170,2012 GMC SIERRA 2500HD,10895.0,,,,gas,259000,,,clean,automatic,,https://denver.craigslist.org/ctd/d/lincoln-2012-gmc-sierra-2500hd-crew-cab/7590883865.html,1GT120CG8CF142685,GMC,Sierra,2012,NO_MATCH
49,2020 Kia Sorento,29863.0,,6 cylinders,4wd,gas,16297,blue,,clean,automatic,SUV,https://denver.craigslist.org/ctd/d/longmont-2020-kia-sorento-v6-awd-only/7590933544.html,5XYPGDA57LG697449,KIA,Sorento,2020,NO_MATCH
64,2016 Hyundai Tucson,17999.0,excellent,,4wd,gas,85646,black,,clean,automatic,SUV,https://denver.craigslist.org/ctd/d/englewood-2016-hyundai-tucson-eco-awd/7590943140.html,KM8J3CA27GU249942,HYUNDAI,Tucson,2016,NO_MATCH
11,2019 Kia Soul,16988.0,,4 cylinders,fwd,gas,64599,grey,,clean,automatic,wagon,https://denver.craigslist.org/ctd/d/denver-2019-kia-soul-fuel-economy/7590910151.html,KNDJN2A28K7673341,KIA,Soul,2019,NO_MATCH
74,2014 Chevrolet Suburban,15999.0,excellent,,4wd,gas,181662,silver,,clean,automatic,SUV,https://denver.craigslist.org/ctd/d/englewood-2014-chevrolet-suburban-4wd/7590944013.html,1GNSKJE70ER124066,CHEVROLET,Suburban,2014,NO_MATCH
261,1976 Ford F-250 HIGHBOY 4X4,31995.0,excellent,8 cylinders,4wd,gas,92000,,,clean,manual,pickup,https://denver.craigslist.org/ctd/d/san-luis-obispo-1976-ford-250-highboy/7590641150.html,F26YRA80859,,,,NO_MATCH
61,2018 Chevrolet Silverado 1500,31999.0,excellent,,4wd,gas,112345,black,,clean,automatic,pickup,https://denver.craigslist.org/ctd/d/englewood-2018-chevrolet-silverado-1500/7590942836.html,3GCUKSEC8JG327396,CHEVROLET,Silverado,2018,NO_MATCH
437,2008 BMW 335I,15999.0,,,,gas,74900,silver,compact,clean,automatic,sedan,https://denver.craigslist.org/ctd/d/denver-2008-bmw-series-335i-4dr-sedan/7590294016.html,WBAVB73518VH24519,BMW,335i,2008,NO_MATCH
66,2015 Chevrolet Silverado 1500,23999.0,excellent,,4wd,gas,143797,black,,clean,automatic,pickup,https://denver.craigslist.org/ctd/d/englewood-2015-chevrolet-silverado-wd/7590943356.html,3GCUKREC8FG515108,CHEVROLET,Silverado,2015,NO_MATCH
68,2018 GMC Sierra 1500,34999.0,excellent,,4wd,gas,128809,black,,clean,automatic,pickup,https://denver.craigslist.org/ctd/d/englewood-2018-gmc-sierra-1500-denali/7590943560.html,3GTU2PEC1JG358535,GMC,Sierra,2018,NO_MATCH
187,2011 CHEVY SILVERADO 2500HD CREW CAB,14995.0,,,,gas,183000,,,clean,automatic,,https://denver.craigslist.org/ctd/d/lincoln-2011-chevy-silverado-2500hd/7590890756.html,1GC1KYEG4BF161566,CHEVROLET,Silverado,2011,NO_MATCH
75,2013 Chevrolet Suburban,13999.0,excellent,,4wd,gas,174742,black,,clean,automatic,SUV,https://denver.craigslist.org/ctd/d/englewood-2013-chevrolet-suburban-ltz/7590944075.html,1GNSKJE78DR118529,CHEVROLET,Suburban,2013,NO_MATCH
447,2008 BMW 335I,13999.0,,,,gas,43100,silver,compact,clean,automatic,convertible,https://denver.craigslist.org/ctd/d/denver-2008-bmw-series-335i-2dr/7590294501.html,WBAWL73598PX54192,BMW,335i,2008,NO_MATCH
177,2013 ford mustang boss 302,36988.0,excellent,8 cylinders,rwd,gas,39299,blue,,salvage,manual,,https://denver.craigslist.org/ctd/d/denver-2013-ford-mustang-boss-302/7590887754.html,1ZVBP8CU0D5227115,FORD,Mustang,2013,NO_MATCH
47,2007 Cadillac Escalade EXT,18963.0,,8 cylinders,4wd,gas,110047,black,,clean,automatic,truck,https://denver.craigslist.org/ctd/d/longmont-2007-cadillac-escalade-ext-low/7590933319.html,3GYFK62807G193728,CADILLAC,Escalade,2007,NO_MATCH
268,2003 GMC Sierra 2500HD SLE,247.0,excellent,8 cylinders,,diesel,254420,,,,other,truck,https://denver.craigslist.org/ctd/d/denver-2003-gmc-sierra-2500hd-2500-hd/7590642537.html,1GTHC23183F252753,GMC,Sierra,2003,NO_MATCH
